"registro_id";"data";"empresa";"cnpj_empresa";"empreendimento";"uf_empreendimento";"categoria_documento";"fornecedor";"razao_social_fornecedor";"cnpj_fornecedor";"numero_orcamento";"item_documento";"codigo_fornecedor";"descricao";"unidade_documento";"quantidade";"preco_unitario_cotado";"valor_total_linha";"desconto_pct_documento";"diferenca_total_menos_qtd_unitario";"natureza_preco";"unidade_pendente";"tipo_documento";"pagina";"arquivo_id";"arquivo_nome";"fonte_url";"arquivo_codigo"
"1wVQnMpniyzk44CnPbthmhWzCe_ZOff9r:1";"2026-01-15";"Demercado";"08.601.964/0001-05";"MEGA CENTRO LOGÍSTICO CURITIBA";"PR";"Material de escritório e consumo";"FABESUL";"FABESUL";"89.054.050/0006-70";"7503081";"1";"30676";"Bobina Térmica 1 Via 80X80M Br Regispel R23 T12 48G R.31123";"UN";"48";"13,99";"671,52";"";"0";"unitario_cotado";"false";"orcamento";"1";"1wVQnMpniyzk44CnPbthmhWzCe_ZOff9r";"ORÇ FABESUL R$671,52 (BOBINAS TOTENS).pdf";"https://drive.google.com/file/d/1wVQnMpniyzk44CnPbthmhWzCe_ZOff9r/view";"app/DadosFabesul.gs"
"12mXnIavWt7kbGxUEYg9OZs3xncOPd7cT:1";"2026-04-16";"Demercado";"08.601.964/0001-05";"MEGA CENTRO LOGÍSTICO CURITIBA";"PR";"Material de escritório e consumo";"FABESUL";"FABESUL";"89.054.050/0006-70";"7574138";"1";"30676";"Bobina Térmica 1 Via 80X80M Br Regispel R23 T12 48G R.31123";"UN";"48";"12,99";"623,52";"";"0";"unitario_cotado";"false";"orcamento";"1";"12mXnIavWt7kbGxUEYg9OZs3xncOPd7cT";"1459.pdf";"https://drive.google.com/file/d/12mXnIavWt7kbGxUEYg9OZs3xncOPd7cT/view";"app/DadosFabesul.gs"
"1CXBO4ng4RBtY-5mvW5W2dzfeMXdJz2yG:1";"2026-04-23";"Demercado";"08.601.964/0001-05";"MEGA CENTRO LOGÍSTICO CURITIBA";"PR";"Material de construção";"S. VARGAS MATERIAIS DE CONSTRU";"S. VARGAS MATERIAIS DE CONSTRU";"82.527.565/0001-96";"32467";"1";"1575000013";"CORRENTE ACO 13MM GRAU 8 VONDER VONDER";"m";"5";"175,5";"877,5";"";"0";"unitario_cotado";"false";"orcamento";"1";"1CXBO4ng4RBtY-5mvW5W2dzfeMXdJz2yG";"demercado (4).pdf";"https://drive.google.com/file/d/1CXBO4ng4RBtY-5mvW5W2dzfeMXdJz2yG/view";"app/DadosSVargas.gs"
"1CXBO4ng4RBtY-5mvW5W2dzfeMXdJz2yG:2";"2026-04-23";"Demercado";"08.601.964/0001-05";"MEGA CENTRO LOGÍSTICO CURITIBA";"PR";"Material de construção";"S. VARGAS MATERIAIS DE CONSTRU";"S. VARGAS MATERIAIS DE CONSTRU";"82.527.565/0001-96";"32467";"2";"78510750";"EMENDA MANGUEIRA JARDIM - TRAMOTINA TRAMONTINA";"pç";"4";"6,5";"26";"";"0";"unitario_cotado";"false";"orcamento";"1";"1CXBO4ng4RBtY-5mvW5W2dzfeMXdJz2yG";"demercado (4).pdf";"https://drive.google.com/file/d/1CXBO4ng4RBtY-5mvW5W2dzfeMXdJz2yG/view";"app/DadosSVargas.gs"
"1CXBO4ng4RBtY-5mvW5W2dzfeMXdJz2yG:3";"2026-04-23";"Demercado";"08.601.964/0001-05";"MEGA CENTRO LOGÍSTICO CURITIBA";"PR";"Material de construção";"S. VARGAS MATERIAIS DE CONSTRU";"S. VARGAS MATERIAIS DE CONSTRU";"82.527.565/0001-96";"32467";"3";"1490";"FITA ZEBRADA 200M X 70MM Diversos";"pç";"3";"21";"63";"";"0";"unitario_cotado";"false";"orcamento";"1";"1CXBO4ng4RBtY-5mvW5W2dzfeMXdJz2yG";"demercado (4).pdf";"https://drive.google.com/file/d/1CXBO4ng4RBtY-5mvW5W2dzfeMXdJz2yG/view";"app/DadosSVargas.gs"
"13dChJSNUck2U4PYIxRtsbI7kHKgZ3wzt:1";"2026-04-29";"Demercado";"08.601.964/0001-05";"MEGA CENTRO LOGÍSTICO CURITIBA";"PR";"Material de construção";"S. VARGAS MATERIAIS DE CONSTRU";"S. VARGAS MATERIAIS DE CONSTRU";"82.527.565/0001-96";"32531";"1";"0701";"ANTIMOFO ADITIVO KRYLL - 100 ml KRYLL";"un";"5";"15,8";"79";"";"0";"unitario_cotado";"false";"orcamento";"1";"13dChJSNUck2U4PYIxRtsbI7kHKgZ3wzt";"demer.pdf";"https://drive.google.com/file/d/13dChJSNUck2U4PYIxRtsbI7kHKgZ3wzt/view";"app/DadosSVargas.gs"
"13dChJSNUck2U4PYIxRtsbI7kHKgZ3wzt:2";"2026-04-29";"Demercado";"08.601.964/0001-05";"MEGA CENTRO LOGÍSTICO CURITIBA";"PR";"Material de construção";"S. VARGAS MATERIAIS DE CONSTRU";"S. VARGAS MATERIAIS DE CONSTRU";"82.527.565/0001-96";"32531";"2";"S1201FG 2 2";"DOBRADICA PORTA 2 - 3 PCS ROCHA";"car";"2";"11";"22";"";"0";"unitario_cotado";"false";"orcamento";"1";"13dChJSNUck2U4PYIxRtsbI7kHKgZ3wzt";"demer.pdf";"https://drive.google.com/file/d/13dChJSNUck2U4PYIxRtsbI7kHKgZ3wzt/view";"app/DadosSVargas.gs"
"13dChJSNUck2U4PYIxRtsbI7kHKgZ3wzt:3";"2026-04-29";"Demercado";"08.601.964/0001-05";"MEGA CENTRO LOGÍSTICO CURITIBA";"PR";"Material de construção";"S. VARGAS MATERIAIS DE CONSTRU";"S. VARGAS MATERIAIS DE CONSTRU";"82.527.565/0001-96";"32531";"3";"78506750";"ENGATE RAPIDO - TRAMONTINA TRAMONTINA";"cj";"6";"4,9";"29,4";"";"0";"unitario_cotado";"false";"orcamento";"1";"13dChJSNUck2U4PYIxRtsbI7kHKgZ3wzt";"demer.pdf";"https://drive.google.com/file/d/13dChJSNUck2U4PYIxRtsbI7kHKgZ3wzt/view";"app/DadosSVargas.gs"
"13dChJSNUck2U4PYIxRtsbI7kHKgZ3wzt:4";"2026-04-29";"Demercado";"08.601.964/0001-05";"MEGA CENTRO LOGÍSTICO CURITIBA";"PR";"Material de construção";"S. VARGAS MATERIAIS DE CONSTRU";"S. VARGAS MATERIAIS DE CONSTRU";"82.527.565/0001-96";"32531";"4";"163A";"FORCADO 4 DENTES PANDOLFO C/CABO - CURVO PANDOLFO";"un";"1";"69,5";"69,5";"";"0";"unitario_cotado";"false";"orcamento";"1";"13dChJSNUck2U4PYIxRtsbI7kHKgZ3wzt";"demer.pdf";"https://drive.google.com/file/d/13dChJSNUck2U4PYIxRtsbI7kHKgZ3wzt/view";"app/DadosSVargas.gs"
"13dChJSNUck2U4PYIxRtsbI7kHKgZ3wzt:5";"2026-04-29";"Demercado";"08.601.964/0001-05";"MEGA CENTRO LOGÍSTICO CURITIBA";"PR";"Material de construção";"S. VARGAS MATERIAIS DE CONSTRU";"S. VARGAS MATERIAIS DE CONSTRU";"82.527.565/0001-96";"32531";"5";"UN";"GLIFOSATO 1L GLIFOSATO";"pç";"4";"28,5";"114";"";"0";"unitario_cotado";"false";"orcamento";"1";"13dChJSNUck2U4PYIxRtsbI7kHKgZ3wzt";"demer.pdf";"https://drive.google.com/file/d/13dChJSNUck2U4PYIxRtsbI7kHKgZ3wzt/view";"app/DadosSVargas.gs"
"13dChJSNUck2U4PYIxRtsbI7kHKgZ3wzt:6";"2026-04-29";"Demercado";"08.601.964/0001-05";"MEGA CENTRO LOGÍSTICO CURITIBA";"PR";"Material de construção";"S. VARGAS MATERIAIS DE CONSTRU";"S. VARGAS MATERIAIS DE CONSTRU";"82.527.565/0001-96";"32531";"6";"0425";"JOELHO 25MM 90G KRONA";"pç";"2";"0,9";"1,8";"";"0";"unitario_cotado";"false";"orcamento";"1";"13dChJSNUck2U4PYIxRtsbI7kHKgZ3wzt";"demer.pdf";"https://drive.google.com/file/d/13dChJSNUck2U4PYIxRtsbI7kHKgZ3wzt/view";"app/DadosSVargas.gs"
"13dChJSNUck2U4PYIxRtsbI7kHKgZ3wzt:7";"2026-04-29";"Demercado";"08.601.964/0001-05";"MEGA CENTRO LOGÍSTICO CURITIBA";"PR";"Material de construção";"S. VARGAS MATERIAIS DE CONSTRU";"S. VARGAS MATERIAIS DE CONSTRU";"82.527.565/0001-96";"32531";"7";"0426";"JOELHO 32MM 90G KRONA";"pç";"1";"2,78";"2,78";"";"0";"unitario_cotado";"false";"orcamento";"1";"13dChJSNUck2U4PYIxRtsbI7kHKgZ3wzt";"demer.pdf";"https://drive.google.com/file/d/13dChJSNUck2U4PYIxRtsbI7kHKgZ3wzt/view";"app/DadosSVargas.gs"
"13dChJSNUck2U4PYIxRtsbI7kHKgZ3wzt:8";"2026-04-29";"Demercado";"08.601.964/0001-05";"MEGA CENTRO LOGÍSTICO CURITIBA";"PR";"Material de construção";"S. VARGAS MATERIAIS DE CONSTRU";"S. VARGAS MATERIAIS DE CONSTRU";"82.527.565/0001-96";"32531";"8";"260191375";"LAMPADA LED 30W ALTA POTENCIA - BLUMENAU E27 BLUMENAU";"pc";"20";"25,5";"510";"";"0";"unitario_cotado";"false";"orcamento";"1";"13dChJSNUck2U4PYIxRtsbI7kHKgZ3wzt";"demer.pdf";"https://drive.google.com/file/d/13dChJSNUck2U4PYIxRtsbI7kHKgZ3wzt/view";"app/DadosSVargas.gs"
"13dChJSNUck2U4PYIxRtsbI7kHKgZ3wzt:9";"2026-04-29";"Demercado";"08.601.964/0001-05";"MEGA CENTRO LOGÍSTICO CURITIBA";"PR";"Material de construção";"S. VARGAS MATERIAIS DE CONSTRU";"S. VARGAS MATERIAIS DE CONSTRU";"82.527.565/0001-96";"32531";"9";"0436";"LUVA 25MM KRONA";"pç";"2";"0,88";"1,76";"";"0";"unitario_cotado";"false";"orcamento";"1";"13dChJSNUck2U4PYIxRtsbI7kHKgZ3wzt";"demer.pdf";"https://drive.google.com/file/d/13dChJSNUck2U4PYIxRtsbI7kHKgZ3wzt/view";"app/DadosSVargas.gs"
"13dChJSNUck2U4PYIxRtsbI7kHKgZ3wzt:10";"2026-04-29";"Demercado";"08.601.964/0001-05";"MEGA CENTRO LOGÍSTICO CURITIBA";"PR";"Material de construção";"S. VARGAS MATERIAIS DE CONSTRU";"S. VARGAS MATERIAIS DE CONSTRU";"82.527.565/0001-96";"32531";"10";"0437";"LUVA 32MM KRONA";"pç";"2";"2,7";"5,4";"";"0";"unitario_cotado";"false";"orcamento";"1";"13dChJSNUck2U4PYIxRtsbI7kHKgZ3wzt";"demer.pdf";"https://drive.google.com/file/d/13dChJSNUck2U4PYIxRtsbI7kHKgZ3wzt/view";"app/DadosSVargas.gs"
"13dChJSNUck2U4PYIxRtsbI7kHKgZ3wzt:11";"2026-04-29";"Demercado";"08.601.964/0001-05";"MEGA CENTRO LOGÍSTICO CURITIBA";"PR";"Material de construção";"S. VARGAS MATERIAIS DE CONSTRU";"S. VARGAS MATERIAIS DE CONSTRU";"82.527.565/0001-96";"32531";"11";"15007";"PA CORTE BICO - C/CABO - BONAFER BONAFER";"un";"1";"39,5";"39,5";"";"0";"unitario_cotado";"false";"orcamento";"1";"13dChJSNUck2U4PYIxRtsbI7kHKgZ3wzt";"demer.pdf";"https://drive.google.com/file/d/13dChJSNUck2U4PYIxRtsbI7kHKgZ3wzt/view";"app/DadosSVargas.gs"
"13dChJSNUck2U4PYIxRtsbI7kHKgZ3wzt:12";"2026-04-29";"Demercado";"08.601.964/0001-05";"MEGA CENTRO LOGÍSTICO CURITIBA";"PR";"Material de construção";"S. VARGAS MATERIAIS DE CONSTRU";"S. VARGAS MATERIAIS DE CONSTRU";"82.527.565/0001-96";"32531";"12";"161A";"PICARETA LARGA - C/CABO BONAFER BONAFER";"un";"1";"98,5";"98,5";"";"0";"unitario_cotado";"false";"orcamento";"1";"13dChJSNUck2U4PYIxRtsbI7kHKgZ3wzt";"demer.pdf";"https://drive.google.com/file/d/13dChJSNUck2U4PYIxRtsbI7kHKgZ3wzt/view";"app/DadosSVargas.gs"
"13dChJSNUck2U4PYIxRtsbI7kHKgZ3wzt:13";"2026-04-29";"Demercado";"08.601.964/0001-05";"MEGA CENTRO LOGÍSTICO CURITIBA";"PR";"Material de construção";"S. VARGAS MATERIAIS DE CONSTRU";"S. VARGAS MATERIAIS DE CONSTRU";"82.527.565/0001-96";"32531";"13";"0455";"TEE 25MM SOLDAVEL KRONA";"pç";"2";"1,45";"2,9";"";"0";"unitario_cotado";"false";"orcamento";"1";"13dChJSNUck2U4PYIxRtsbI7kHKgZ3wzt";"demer.pdf";"https://drive.google.com/file/d/13dChJSNUck2U4PYIxRtsbI7kHKgZ3wzt/view";"app/DadosSVargas.gs"
"13dChJSNUck2U4PYIxRtsbI7kHKgZ3wzt:14";"2026-04-29";"Demercado";"08.601.964/0001-05";"MEGA CENTRO LOGÍSTICO CURITIBA";"PR";"Material de construção";"S. VARGAS MATERIAIS DE CONSTRU";"S. VARGAS MATERIAIS DE CONSTRU";"82.527.565/0001-96";"32531";"14";"0456";"TEE 32MM SOLDAVEL KRONA";"pç";"2";"5,6";"11,2";"";"0";"unitario_cotado";"false";"orcamento";"1";"13dChJSNUck2U4PYIxRtsbI7kHKgZ3wzt";"demer.pdf";"https://drive.google.com/file/d/13dChJSNUck2U4PYIxRtsbI7kHKgZ3wzt/view";"app/DadosSVargas.gs"
"13TlCoVY2uvsqrH0xyQG-G131GPetPfrs:1";"2026-05-19";"Demercado";"08.601.964/0001-05";"MEGA CENTRO LOGÍSTICO CURITIBA";"PR";"Material de construção";"S. VARGAS MATERIAIS DE CONSTRU";"S. VARGAS MATERIAIS DE CONSTRU";"82.527.565/0001-96";"32760";"1";"000000000006054190";"CIMENTO 50KG - VOTORAN - TODAS AS OBRAS * FATURADO - A PRAZO * VOTORAN";"s5";"2";"42,9";"85,8";"0";"0";"unitario_cotado";"false";"orcamento";"1";"13TlCoVY2uvsqrH0xyQG-G131GPetPfrs";"demercado (7).pdf";"https://drive.google.com/file/d/13TlCoVY2uvsqrH0xyQG-G131GPetPfrs/view";"app/DadosSVargas.gs"
"13TlCoVY2uvsqrH0xyQG-G131GPetPfrs:2";"2026-05-19";"Demercado";"08.601.964/0001-05";"MEGA CENTRO LOGÍSTICO CURITIBA";"PR";"Material de construção";"S. VARGAS MATERIAIS DE CONSTRU";"S. VARGAS MATERIAIS DE CONSTRU";"82.527.565/0001-96";"32760";"2";"821";"ADESIVO SELANTE PU40 - CINZA - ELASTIL ELASTIL";"ctc";"1";"19,9";"19,9";"0";"0";"unitario_cotado";"false";"orcamento";"1";"13TlCoVY2uvsqrH0xyQG-G131GPetPfrs";"demercado (7).pdf";"https://drive.google.com/file/d/13TlCoVY2uvsqrH0xyQG-G131GPetPfrs/view";"app/DadosSVargas.gs"
"13TlCoVY2uvsqrH0xyQG-G131GPetPfrs:3";"2026-05-19";"Demercado";"08.601.964/0001-05";"MEGA CENTRO LOGÍSTICO CURITIBA";"PR";"Material de construção";"S. VARGAS MATERIAIS DE CONSTRU";"S. VARGAS MATERIAIS DE CONSTRU";"82.527.565/0001-96";"32760";"3";"00570";"ASSENTO DURIN ALMOFADADO - BRANCO BELLART DURIN";"pc";"2";"109,9";"219,8";"0";"0";"unitario_cotado";"false";"orcamento";"1";"13TlCoVY2uvsqrH0xyQG-G131GPetPfrs";"demercado (7).pdf";"https://drive.google.com/file/d/13TlCoVY2uvsqrH0xyQG-G131GPetPfrs/view";"app/DadosSVargas.gs"
"13TlCoVY2uvsqrH0xyQG-G131GPetPfrs:4";"2026-05-19";"Demercado";"08.601.964/0001-05";"MEGA CENTRO LOGÍSTICO CURITIBA";"PR";"Material de construção";"S. VARGAS MATERIAIS DE CONSTRU";"S. VARGAS MATERIAIS DE CONSTRU";"82.527.565/0001-96";"32760";"4";"UN";"COLA - ADESIVO INSTANTANEO - TEKBOND 100G TIPO CIANO TEK BOND";"pç";"1";"35,5";"35,5";"0";"0";"unitario_cotado";"false";"orcamento";"1";"13TlCoVY2uvsqrH0xyQG-G131GPetPfrs";"demercado (7).pdf";"https://drive.google.com/file/d/13TlCoVY2uvsqrH0xyQG-G131GPetPfrs/view";"app/DadosSVargas.gs"
"13TlCoVY2uvsqrH0xyQG-G131GPetPfrs:5";"2026-05-19";"Demercado";"08.601.964/0001-05";"MEGA CENTRO LOGÍSTICO CURITIBA";"PR";"Material de construção";"S. VARGAS MATERIAIS DE CONSTRU";"S. VARGAS MATERIAIS DE CONSTRU";"82.527.565/0001-96";"32760";"5";"7530115";"DUCHA LORENZETTI - MAXIDUCHA 220V 5500W LORENZETTI";"pc";"2";"97,7";"195,4";"0";"0";"unitario_cotado";"false";"orcamento";"1";"13TlCoVY2uvsqrH0xyQG-G131GPetPfrs";"demercado (7).pdf";"https://drive.google.com/file/d/13TlCoVY2uvsqrH0xyQG-G131GPetPfrs/view";"app/DadosSVargas.gs"
"13TlCoVY2uvsqrH0xyQG-G131GPetPfrs:6";"2026-05-19";"Demercado";"08.601.964/0001-05";"MEGA CENTRO LOGÍSTICO CURITIBA";"PR";"Material de construção";"S. VARGAS MATERIAIS DE CONSTRU";"S. VARGAS MATERIAIS DE CONSTRU";"82.527.565/0001-96";"32760";"6";"000000000110006798";"FERRO 5/16 - 8MM CA50 VOTORACO";"br";"1";"32,8";"32,8";"0";"0";"unitario_cotado";"false";"orcamento";"1";"13TlCoVY2uvsqrH0xyQG-G131GPetPfrs";"demercado (7).pdf";"https://drive.google.com/file/d/13TlCoVY2uvsqrH0xyQG-G131GPetPfrs/view";"app/DadosSVargas.gs"
"13TlCoVY2uvsqrH0xyQG-G131GPetPfrs:7";"2026-05-19";"Demercado";"08.601.964/0001-05";"MEGA CENTRO LOGÍSTICO CURITIBA";"PR";"Material de construção";"S. VARGAS MATERIAIS DE CONSTRU";"S. VARGAS MATERIAIS DE CONSTRU";"82.527.565/0001-96";"32760";"7";"1014105015";"FITA ANTIDERRAPANTE - ROLO 15M - VONDER Diversos";"pc";"3";"59,6";"178,8";"0";"0";"unitario_cotado";"false";"orcamento";"1";"13TlCoVY2uvsqrH0xyQG-G131GPetPfrs";"demercado (7).pdf";"https://drive.google.com/file/d/13TlCoVY2uvsqrH0xyQG-G131GPetPfrs/view";"app/DadosSVargas.gs"
"13TlCoVY2uvsqrH0xyQG-G131GPetPfrs:8";"2026-05-19";"Demercado";"08.601.964/0001-05";"MEGA CENTRO LOGÍSTICO CURITIBA";"PR";"Material de construção";"S. VARGAS MATERIAIS DE CONSTRU";"S. VARGAS MATERIAIS DE CONSTRU";"82.527.565/0001-96";"32760";"8";"KG";"PREGO 15X21 1KG Diversos";"pç";"1";"19,9";"19,9";"0";"0";"unitario_cotado";"false";"orcamento";"1";"13TlCoVY2uvsqrH0xyQG-G131GPetPfrs";"demercado (7).pdf";"https://drive.google.com/file/d/13TlCoVY2uvsqrH0xyQG-G131GPetPfrs/view";"app/DadosSVargas.gs"
"13TlCoVY2uvsqrH0xyQG-G131GPetPfrs:9";"2026-05-19";"Demercado";"08.601.964/0001-05";"MEGA CENTRO LOGÍSTICO CURITIBA";"PR";"Material de construção";"S. VARGAS MATERIAIS DE CONSTRU";"S. VARGAS MATERIAIS DE CONSTRU";"82.527.565/0001-96";"32760";"9";"7589005";"RESISTENCIA LORENZETTI 055-A 220V LORENZETTI";"pc";"2";"33";"66";"0";"0";"unitario_cotado";"false";"orcamento";"2";"13TlCoVY2uvsqrH0xyQG-G131GPetPfrs";"demercado (7).pdf";"https://drive.google.com/file/d/13TlCoVY2uvsqrH0xyQG-G131GPetPfrs/view";"app/DadosSVargas.gs"
"13TlCoVY2uvsqrH0xyQG-G131GPetPfrs:10";"2026-05-19";"Demercado";"08.601.964/0001-05";"MEGA CENTRO LOGÍSTICO CURITIBA";"PR";"Material de construção";"S. VARGAS MATERIAIS DE CONSTRU";"S. VARGAS MATERIAIS DE CONSTRU";"82.527.565/0001-96";"32760";"10";"10049";"TORNEIRA JARDIM MARCHEZAN 3/4 1130 AMARELA MARCHEZAN";"un";"1";"47,5";"47,5";"0";"0";"unitario_cotado";"false";"orcamento";"2";"13TlCoVY2uvsqrH0xyQG-G131GPetPfrs";"demercado (7).pdf";"https://drive.google.com/file/d/13TlCoVY2uvsqrH0xyQG-G131GPetPfrs/view";"app/DadosSVargas.gs"
"13TlCoVY2uvsqrH0xyQG-G131GPetPfrs:11";"2026-05-19";"Demercado";"08.601.964/0001-05";"MEGA CENTRO LOGÍSTICO CURITIBA";"PR";"Material de construção";"S. VARGAS MATERIAIS DE CONSTRU";"S. VARGAS MATERIAIS DE CONSTRU";"82.527.565/0001-96";"32760";"11";"10000321";"TUBO PVC 32MM SOLDAVEL KRONA";"M";"6";"12,48";"74,88";"0";"0";"unitario_cotado";"false";"orcamento";"2";"13TlCoVY2uvsqrH0xyQG-G131GPetPfrs";"demercado (7).pdf";"https://drive.google.com/file/d/13TlCoVY2uvsqrH0xyQG-G131GPetPfrs/view";"app/DadosSVargas.gs"
"1LXwNr3leKFiZ48S0rEVa0zaBIAe5-4uL:1";"2026-07-15";"Capital Realty";"03.015.145/0001-54";"MEGA CENTRO LOGÍSTICO CURITIBA";"PR";"Material de consumo";"BASE PAPEIS";"BASE PAPEIS";"07.986.449/0001-10";"188139";"1";"1115";"ACUCAR REFINADO 1 KG BARRA";"";"1";"5,45";"5,45";"";"0";"unitario_cotado";"true";"orcamento";"";"1LXwNr3leKFiZ48S0rEVa0zaBIAe5-4uL";"CotacaoBasePapeis_188139";"https://drive.google.com/file/d/1LXwNr3leKFiZ48S0rEVa0zaBIAe5-4uL/view";"app/DadosBasePapeis.gs"
"1LXwNr3leKFiZ48S0rEVa0zaBIAe5-4uL:2";"2026-07-15";"Capital Realty";"03.015.145/0001-54";"MEGA CENTRO LOGÍSTICO CURITIBA";"PR";"Material de consumo";"BASE PAPEIS";"BASE PAPEIS";"07.986.449/0001-10";"188139";"2";"15119";"AGUA SANITARIA 5 LT - MARQUI";"";"1";"8,9";"8,9";"";"0";"unitario_cotado";"true";"orcamento";"";"1LXwNr3leKFiZ48S0rEVa0zaBIAe5-4uL";"CotacaoBasePapeis_188139";"https://drive.google.com/file/d/1LXwNr3leKFiZ48S0rEVa0zaBIAe5-4uL/view";"app/DadosBasePapeis.gs"
"1LXwNr3leKFiZ48S0rEVa0zaBIAe5-4uL:3";"2026-07-15";"Capital Realty";"03.015.145/0001-54";"MEGA CENTRO LOGÍSTICO CURITIBA";"PR";"Material de consumo";"BASE PAPEIS";"BASE PAPEIS";"07.986.449/0001-10";"188139";"3";"515";"ALCOOL LIQUIDO 1 LT 70 FLOPS";"";"1";"7,99";"7,99";"";"0";"unitario_cotado";"true";"orcamento";"";"1LXwNr3leKFiZ48S0rEVa0zaBIAe5-4uL";"CotacaoBasePapeis_188139";"https://drive.google.com/file/d/1LXwNr3leKFiZ48S0rEVa0zaBIAe5-4uL/view";"app/DadosBasePapeis.gs"
"1LXwNr3leKFiZ48S0rEVa0zaBIAe5-4uL:4";"2026-07-15";"Capital Realty";"03.015.145/0001-54";"MEGA CENTRO LOGÍSTICO CURITIBA";"PR";"Material de consumo";"BASE PAPEIS";"BASE PAPEIS";"07.986.449/0001-10";"188139";"4";"13936";"ALCOOL LIQUIDO 5 LT FLOPS";"";"1";"45";"45";"";"0";"unitario_cotado";"true";"orcamento";"";"1LXwNr3leKFiZ48S0rEVa0zaBIAe5-4uL";"CotacaoBasePapeis_188139";"https://drive.google.com/file/d/1LXwNr3leKFiZ48S0rEVa0zaBIAe5-4uL/view";"app/DadosBasePapeis.gs"
"1LXwNr3leKFiZ48S0rEVa0zaBIAe5-4uL:5";"2026-07-15";"Capital Realty";"03.015.145/0001-54";"MEGA CENTRO LOGÍSTICO CURITIBA";"PR";"Material de consumo";"BASE PAPEIS";"BASE PAPEIS";"07.986.449/0001-10";"188139";"5";"373";"CAFE MELITTA TRADICIONAL 500 GR";"";"4";"37,9";"151,6";"";"0";"unitario_cotado";"true";"orcamento";"";"1LXwNr3leKFiZ48S0rEVa0zaBIAe5-4uL";"CotacaoBasePapeis_188139";"https://drive.google.com/file/d/1LXwNr3leKFiZ48S0rEVa0zaBIAe5-4uL/view";"app/DadosBasePapeis.gs"
"1LXwNr3leKFiZ48S0rEVa0zaBIAe5-4uL:6";"2026-07-15";"Capital Realty";"03.015.145/0001-54";"MEGA CENTRO LOGÍSTICO CURITIBA";"PR";"Material de consumo";"BASE PAPEIS";"BASE PAPEIS";"07.986.449/0001-10";"188139";"6";"1837";"COPO PLASTICO 200ML C/100 UN BRANCO ECOCOPPO PP";"";"4";"6,98";"27,92";"";"0";"unitario_cotado";"true";"orcamento";"";"1LXwNr3leKFiZ48S0rEVa0zaBIAe5-4uL";"CotacaoBasePapeis_188139";"https://drive.google.com/file/d/1LXwNr3leKFiZ48S0rEVa0zaBIAe5-4uL/view";"app/DadosBasePapeis.gs"
"1LXwNr3leKFiZ48S0rEVa0zaBIAe5-4uL:7";"2026-07-15";"Capital Realty";"03.015.145/0001-54";"MEGA CENTRO LOGÍSTICO CURITIBA";"PR";"Material de consumo";"BASE PAPEIS";"BASE PAPEIS";"07.986.449/0001-10";"188139";"7";"15917";"DESINFETANTE 5 LT LAVANDA - GIRANDO SOL";"";"1";"19,99";"19,99";"";"0";"unitario_cotado";"true";"orcamento";"";"1LXwNr3leKFiZ48S0rEVa0zaBIAe5-4uL";"CotacaoBasePapeis_188139";"https://drive.google.com/file/d/1LXwNr3leKFiZ48S0rEVa0zaBIAe5-4uL/view";"app/DadosBasePapeis.gs"
"1LXwNr3leKFiZ48S0rEVa0zaBIAe5-4uL:8";"2026-07-15";"Capital Realty";"03.015.145/0001-54";"MEGA CENTRO LOGÍSTICO CURITIBA";"PR";"Material de consumo";"BASE PAPEIS";"BASE PAPEIS";"07.986.449/0001-10";"188139";"8";"12752";"DETERGENTE 5 LT NEUTRO - AQUAFAST";"";"1";"23,95";"23,95";"";"0";"unitario_cotado";"true";"orcamento";"";"1LXwNr3leKFiZ48S0rEVa0zaBIAe5-4uL";"CotacaoBasePapeis_188139";"https://drive.google.com/file/d/1LXwNr3leKFiZ48S0rEVa0zaBIAe5-4uL/view";"app/DadosBasePapeis.gs"
"1LXwNr3leKFiZ48S0rEVa0zaBIAe5-4uL:9";"2026-07-15";"Capital Realty";"03.015.145/0001-54";"MEGA CENTRO LOGÍSTICO CURITIBA";"PR";"Material de consumo";"BASE PAPEIS";"BASE PAPEIS";"07.986.449/0001-10";"188139";"9";"494";"ESPONJA DUPLA FACE 11CM BETTANIN";"";"3";"1,22";"3,66";"";"0";"unitario_cotado";"true";"orcamento";"";"1LXwNr3leKFiZ48S0rEVa0zaBIAe5-4uL";"CotacaoBasePapeis_188139";"https://drive.google.com/file/d/1LXwNr3leKFiZ48S0rEVa0zaBIAe5-4uL/view";"app/DadosBasePapeis.gs"
"1LXwNr3leKFiZ48S0rEVa0zaBIAe5-4uL:10";"2026-07-15";"Capital Realty";"03.015.145/0001-54";"MEGA CENTRO LOGÍSTICO CURITIBA";"PR";"Material de consumo";"BASE PAPEIS";"BASE PAPEIS";"07.986.449/0001-10";"188139";"10";"371";"FILTRO CAFE 103 C/30 UN BRIGITTA";"";"3";"5,78";"17,34";"";"0";"unitario_cotado";"true";"orcamento";"";"1LXwNr3leKFiZ48S0rEVa0zaBIAe5-4uL";"CotacaoBasePapeis_188139";"https://drive.google.com/file/d/1LXwNr3leKFiZ48S0rEVa0zaBIAe5-4uL/view";"app/DadosBasePapeis.gs"
"1LXwNr3leKFiZ48S0rEVa0zaBIAe5-4uL:11";"2026-07-15";"Capital Realty";"03.015.145/0001-54";"MEGA CENTRO LOGÍSTICO CURITIBA";"PR";"Material de consumo";"BASE PAPEIS";"BASE PAPEIS";"07.986.449/0001-10";"188139";"11";"800";"PAPEL HIG ROLO 8X300M LUXO - IPEL NATUREZA";"";"1";"75,95";"75,95";"";"0";"unitario_cotado";"true";"orcamento";"";"1LXwNr3leKFiZ48S0rEVa0zaBIAe5-4uL";"CotacaoBasePapeis_188139";"https://drive.google.com/file/d/1LXwNr3leKFiZ48S0rEVa0zaBIAe5-4uL/view";"app/DadosBasePapeis.gs"
"1LXwNr3leKFiZ48S0rEVa0zaBIAe5-4uL:12";"2026-07-15";"Capital Realty";"03.015.145/0001-54";"MEGA CENTRO LOGÍSTICO CURITIBA";"PR";"Material de consumo";"BASE PAPEIS";"BASE PAPEIS";"07.986.449/0001-10";"188139";"12";"399";"SACO ALVEJADO 0,50 X 0,70 - MARTINS";"";"4";"6,35";"25,4";"";"0";"unitario_cotado";"true";"orcamento";"";"1LXwNr3leKFiZ48S0rEVa0zaBIAe5-4uL";"CotacaoBasePapeis_188139";"https://drive.google.com/file/d/1LXwNr3leKFiZ48S0rEVa0zaBIAe5-4uL/view";"app/DadosBasePapeis.gs"
"1LXwNr3leKFiZ48S0rEVa0zaBIAe5-4uL:13";"2026-07-15";"Capital Realty";"03.015.145/0001-54";"MEGA CENTRO LOGÍSTICO CURITIBA";"PR";"Material de consumo";"BASE PAPEIS";"BASE PAPEIS";"07.986.449/0001-10";"188139";"13";"14672";"SACO LIXO 060 LT PRETO REFORCADO C/100 (10KG) - BASE LIX";"";"1";"24,9";"24,9";"";"0";"unitario_cotado";"true";"orcamento";"";"1LXwNr3leKFiZ48S0rEVa0zaBIAe5-4uL";"CotacaoBasePapeis_188139";"https://drive.google.com/file/d/1LXwNr3leKFiZ48S0rEVa0zaBIAe5-4uL/view";"app/DadosBasePapeis.gs"
"1LXwNr3leKFiZ48S0rEVa0zaBIAe5-4uL:14";"2026-07-15";"Capital Realty";"03.015.145/0001-54";"MEGA CENTRO LOGÍSTICO CURITIBA";"PR";"Material de consumo";"BASE PAPEIS";"BASE PAPEIS";"07.986.449/0001-10";"188139";"14";"13726";"SACO LIXO 100 LT PRETO REFORCADO C/100 (24KG) - BASE ECOSUL";"";"1";"54";"54";"";"0";"unitario_cotado";"true";"orcamento";"";"1LXwNr3leKFiZ48S0rEVa0zaBIAe5-4uL";"CotacaoBasePapeis_188139";"https://drive.google.com/file/d/1LXwNr3leKFiZ48S0rEVa0zaBIAe5-4uL/view";"app/DadosBasePapeis.gs"
"1HASD5KQ9v63zL_oUIEaEv1EOKkjNYd51:1";"2026-08-10";"Demercado";"08.601.964/0001-05";"MEGA CENTRO LOGÍSTICO CURITIBA";"PR";"Material de consumo";"CONTABILISTA SUPRIMENTOS PARA ESCRITORIO";"CONTABILISTA SUPRIMENTOS PARA ESCRITORIO";"77.765.840/0001-70";"1 / 186.601";"1";"7687";"ACUCAR REFINADO 1KG ALTO ALEGRE";"UN";"10";"2,75";"27,5";"";"0";"unitario_cotado";"false";"orcamento";"1";"1HASD5KQ9v63zL_oUIEaEv1EOKkjNYd51";"Orç Contabilista R$975,37.pdf";"https://drive.google.com/file/d/1HASD5KQ9v63zL_oUIEaEv1EOKkjNYd51/view";"app/DadosContabilista.gs"
"1HASD5KQ9v63zL_oUIEaEv1EOKkjNYd51:2";"2026-08-10";"Demercado";"08.601.964/0001-05";"MEGA CENTRO LOGÍSTICO CURITIBA";"PR";"Material de consumo";"CONTABILISTA SUPRIMENTOS PARA ESCRITORIO";"CONTABILISTA SUPRIMENTOS PARA ESCRITORIO";"77.765.840/0001-70";"1 / 186.601";"2";"66173";"AGUA SANITARIA 5L QBOA";"UN";"6";"14,8";"88,8";"";"0";"unitario_cotado";"false";"orcamento";"1";"1HASD5KQ9v63zL_oUIEaEv1EOKkjNYd51";"Orç Contabilista R$975,37.pdf";"https://drive.google.com/file/d/1HASD5KQ9v63zL_oUIEaEv1EOKkjNYd51/view";"app/DadosContabilista.gs"
"1HASD5KQ9v63zL_oUIEaEv1EOKkjNYd51:3";"2026-08-10";"Demercado";"08.601.964/0001-05";"MEGA CENTRO LOGÍSTICO CURITIBA";"PR";"Material de consumo";"CONTABILISTA SUPRIMENTOS PARA ESCRITORIO";"CONTABILISTA SUPRIMENTOS PARA ESCRITORIO";"77.765.840/0001-70";"1 / 186.601";"3";"66092";"ALCOOL LIQUIDO 70% USO HOSPITALAR 1L QUIMIDROL";"UN";"3";"7,99";"23,97";"";"0";"unitario_cotado";"false";"orcamento";"1";"1HASD5KQ9v63zL_oUIEaEv1EOKkjNYd51";"Orç Contabilista R$975,37.pdf";"https://drive.google.com/file/d/1HASD5KQ9v63zL_oUIEaEv1EOKkjNYd51/view";"app/DadosContabilista.gs"
"1HASD5KQ9v63zL_oUIEaEv1EOKkjNYd51:4";"2026-08-10";"Demercado";"08.601.964/0001-05";"MEGA CENTRO LOGÍSTICO CURITIBA";"PR";"Material de consumo";"CONTABILISTA SUPRIMENTOS PARA ESCRITORIO";"CONTABILISTA SUPRIMENTOS PARA ESCRITORIO";"77.765.840/0001-70";"1 / 186.601";"4";"4248";"CAFE MELITTA TRADICIONAL 500g";"UN";"10";"24,99";"249,9";"";"0";"unitario_cotado";"false";"orcamento";"1";"1HASD5KQ9v63zL_oUIEaEv1EOKkjNYd51";"Orç Contabilista R$975,37.pdf";"https://drive.google.com/file/d/1HASD5KQ9v63zL_oUIEaEv1EOKkjNYd51/view";"app/DadosContabilista.gs"
"1HASD5KQ9v63zL_oUIEaEv1EOKkjNYd51:5";"2026-08-10";"Demercado";"08.601.964/0001-05";"MEGA CENTRO LOGÍSTICO CURITIBA";"PR";"Material de consumo";"CONTABILISTA SUPRIMENTOS PARA ESCRITORIO";"CONTABILISTA SUPRIMENTOS PARA ESCRITORIO";"77.765.840/0001-70";"1 / 186.601";"5";"33729";"FILTRO PAPEL P/ CAFE BRIGITTA 103 C/30UN";"UN";"6";"4,15";"24,9";"";"0";"unitario_cotado";"false";"orcamento";"1";"1HASD5KQ9v63zL_oUIEaEv1EOKkjNYd51";"Orç Contabilista R$975,37.pdf";"https://drive.google.com/file/d/1HASD5KQ9v63zL_oUIEaEv1EOKkjNYd51/view";"app/DadosContabilista.gs"
"1HASD5KQ9v63zL_oUIEaEv1EOKkjNYd51:6";"2026-08-10";"Demercado";"08.601.964/0001-05";"MEGA CENTRO LOGÍSTICO CURITIBA";"PR";"Material de consumo";"CONTABILISTA SUPRIMENTOS PARA ESCRITORIO";"CONTABILISTA SUPRIMENTOS PARA ESCRITORIO";"77.765.840/0001-70";"1 / 186.601";"6";"70492";"DESINFETANTE LAVANDA 5L CONTABILISTA";"UN";"2";"9,9";"19,8";"";"0";"unitario_cotado";"false";"orcamento";"1";"1HASD5KQ9v63zL_oUIEaEv1EOKkjNYd51";"Orç Contabilista R$975,37.pdf";"https://drive.google.com/file/d/1HASD5KQ9v63zL_oUIEaEv1EOKkjNYd51/view";"app/DadosContabilista.gs"
"1HASD5KQ9v63zL_oUIEaEv1EOKkjNYd51:7";"2026-08-10";"Demercado";"08.601.964/0001-05";"MEGA CENTRO LOGÍSTICO CURITIBA";"PR";"Material de consumo";"CONTABILISTA SUPRIMENTOS PARA ESCRITORIO";"CONTABILISTA SUPRIMENTOS PARA ESCRITORIO";"77.765.840/0001-70";"1 / 186.601";"7";"76690";"LIMPADOR PERFUMADO CONCENTRADO CRAVO E CANELA 120ML COALA";"UN";"7";"15,1";"105,7";"";"0";"unitario_cotado";"false";"orcamento";"1";"1HASD5KQ9v63zL_oUIEaEv1EOKkjNYd51";"Orç Contabilista R$975,37.pdf";"https://drive.google.com/file/d/1HASD5KQ9v63zL_oUIEaEv1EOKkjNYd51/view";"app/DadosContabilista.gs"
"1HASD5KQ9v63zL_oUIEaEv1EOKkjNYd51:8";"2026-08-10";"Demercado";"08.601.964/0001-05";"MEGA CENTRO LOGÍSTICO CURITIBA";"PR";"Material de consumo";"CONTABILISTA SUPRIMENTOS PARA ESCRITORIO";"CONTABILISTA SUPRIMENTOS PARA ESCRITORIO";"77.765.840/0001-70";"1 / 186.601";"8";"104807";"PASTILHA ADESIVA SANITARIA C/3 LAVANDA 30G SANI ALL";"UN";"9";"4,15";"37,35";"";"0";"unitario_cotado";"false";"orcamento";"1";"1HASD5KQ9v63zL_oUIEaEv1EOKkjNYd51";"Orç Contabilista R$975,37.pdf";"https://drive.google.com/file/d/1HASD5KQ9v63zL_oUIEaEv1EOKkjNYd51/view";"app/DadosContabilista.gs"
"1HASD5KQ9v63zL_oUIEaEv1EOKkjNYd51:9";"2026-08-10";"Demercado";"08.601.964/0001-05";"MEGA CENTRO LOGÍSTICO CURITIBA";"PR";"Material de consumo";"CONTABILISTA SUPRIMENTOS PARA ESCRITORIO";"CONTABILISTA SUPRIMENTOS PARA ESCRITORIO";"77.765.840/0001-70";"1 / 186.601";"9";"3621";"DETERGENTE NEUTRO 500ML YPE";"UN";"8";"2,9";"23,2";"";"0";"unitario_cotado";"false";"orcamento";"1";"1HASD5KQ9v63zL_oUIEaEv1EOKkjNYd51";"Orç Contabilista R$975,37.pdf";"https://drive.google.com/file/d/1HASD5KQ9v63zL_oUIEaEv1EOKkjNYd51/view";"app/DadosContabilista.gs"
"1HASD5KQ9v63zL_oUIEaEv1EOKkjNYd51:10";"2026-08-10";"Demercado";"08.601.964/0001-05";"MEGA CENTRO LOGÍSTICO CURITIBA";"PR";"Material de consumo";"CONTABILISTA SUPRIMENTOS PARA ESCRITORIO";"CONTABILISTA SUPRIMENTOS PARA ESCRITORIO";"77.765.840/0001-70";"1 / 186.601";"10";"76297";"KIT LIMPADOR MULTIUSO 500ML VEJA ORIGINAL C/3";"UN";"2";"13,55";"27,1";"";"0";"unitario_cotado";"false";"orcamento";"1";"1HASD5KQ9v63zL_oUIEaEv1EOKkjNYd51";"Orç Contabilista R$975,37.pdf";"https://drive.google.com/file/d/1HASD5KQ9v63zL_oUIEaEv1EOKkjNYd51/view";"app/DadosContabilista.gs"
"1HASD5KQ9v63zL_oUIEaEv1EOKkjNYd51:11";"2026-08-10";"Demercado";"08.601.964/0001-05";"MEGA CENTRO LOGÍSTICO CURITIBA";"PR";"Material de consumo";"CONTABILISTA SUPRIMENTOS PARA ESCRITORIO";"CONTABILISTA SUPRIMENTOS PARA ESCRITORIO";"77.765.840/0001-70";"1 / 186.601";"11";"66111";"ESPONJA MULTIUSO SCOTCH BRITE LEVE 4 PAGUE 3 3M";"UN";"2";"5,75";"11,5";"";"0";"unitario_cotado";"false";"orcamento";"2";"1HASD5KQ9v63zL_oUIEaEv1EOKkjNYd51";"Orç Contabilista R$975,37.pdf";"https://drive.google.com/file/d/1HASD5KQ9v63zL_oUIEaEv1EOKkjNYd51/view";"app/DadosContabilista.gs"
"1HASD5KQ9v63zL_oUIEaEv1EOKkjNYd51:12";"2026-08-10";"Demercado";"08.601.964/0001-05";"MEGA CENTRO LOGÍSTICO CURITIBA";"PR";"Material de consumo";"CONTABILISTA SUPRIMENTOS PARA ESCRITORIO";"CONTABILISTA SUPRIMENTOS PARA ESCRITORIO";"77.765.840/0001-70";"1 / 186.601";"12";"68852";"PANO DE CHAO XADREZ ALVEJADO 45X75CM MARTINS 1098";"UN";"5";"4,45";"22,25";"";"0";"unitario_cotado";"false";"orcamento";"2";"1HASD5KQ9v63zL_oUIEaEv1EOKkjNYd51";"Orç Contabilista R$975,37.pdf";"https://drive.google.com/file/d/1HASD5KQ9v63zL_oUIEaEv1EOKkjNYd51/view";"app/DadosContabilista.gs"
"1HASD5KQ9v63zL_oUIEaEv1EOKkjNYd51:13";"2026-08-10";"Demercado";"08.601.964/0001-05";"MEGA CENTRO LOGÍSTICO CURITIBA";"PR";"Material de consumo";"CONTABILISTA SUPRIMENTOS PARA ESCRITORIO";"CONTABILISTA SUPRIMENTOS PARA ESCRITORIO";"77.765.840/0001-70";"1 / 186.601";"13";"103673";"PANO DE PRATO BRANCO 76G 50 x 70cm 1115 MARTINS";"UN";"5";"5,09";"25,45";"";"0";"unitario_cotado";"false";"orcamento";"2";"1HASD5KQ9v63zL_oUIEaEv1EOKkjNYd51";"Orç Contabilista R$975,37.pdf";"https://drive.google.com/file/d/1HASD5KQ9v63zL_oUIEaEv1EOKkjNYd51/view";"app/DadosContabilista.gs"
"1HASD5KQ9v63zL_oUIEaEv1EOKkjNYd51:14";"2026-08-10";"Demercado";"08.601.964/0001-05";"MEGA CENTRO LOGÍSTICO CURITIBA";"PR";"Material de consumo";"CONTABILISTA SUPRIMENTOS PARA ESCRITORIO";"CONTABILISTA SUPRIMENTOS PARA ESCRITORIO";"77.765.840/0001-70";"1 / 186.601";"14";"42714";"PANO MULTIUSO SUPER PANO 29x29CM C/3UN SCOTCH BRITE 3M";"UN";"2";"25,8";"51,6";"";"0";"unitario_cotado";"false";"orcamento";"2";"1HASD5KQ9v63zL_oUIEaEv1EOKkjNYd51";"Orç Contabilista R$975,37.pdf";"https://drive.google.com/file/d/1HASD5KQ9v63zL_oUIEaEv1EOKkjNYd51/view";"app/DadosContabilista.gs"
"1HASD5KQ9v63zL_oUIEaEv1EOKkjNYd51:15";"2026-08-10";"Demercado";"08.601.964/0001-05";"MEGA CENTRO LOGÍSTICO CURITIBA";"PR";"Material de consumo";"CONTABILISTA SUPRIMENTOS PARA ESCRITORIO";"CONTABILISTA SUPRIMENTOS PARA ESCRITORIO";"77.765.840/0001-70";"1 / 186.601";"15";"72735";"SABAO EM BARRA NEUTRO C/5UN DE 160G YPE";"UN";"1";"15,85";"15,85";"";"0";"unitario_cotado";"false";"orcamento";"2";"1HASD5KQ9v63zL_oUIEaEv1EOKkjNYd51";"Orç Contabilista R$975,37.pdf";"https://drive.google.com/file/d/1HASD5KQ9v63zL_oUIEaEv1EOKkjNYd51/view";"app/DadosContabilista.gs"
"1HASD5KQ9v63zL_oUIEaEv1EOKkjNYd51:16";"2026-08-10";"Demercado";"08.601.964/0001-05";"MEGA CENTRO LOGÍSTICO CURITIBA";"PR";"Material de consumo";"CONTABILISTA SUPRIMENTOS PARA ESCRITORIO";"CONTABILISTA SUPRIMENTOS PARA ESCRITORIO";"77.765.840/0001-70";"1 / 186.601";"16";"69916";"SABAO EM PO FLORAL GIRANDO SOL 800G";"UN";"4";"7,25";"29";"";"0";"unitario_cotado";"false";"orcamento";"2";"1HASD5KQ9v63zL_oUIEaEv1EOKkjNYd51";"Orç Contabilista R$975,37.pdf";"https://drive.google.com/file/d/1HASD5KQ9v63zL_oUIEaEv1EOKkjNYd51/view";"app/DadosContabilista.gs"
"1HASD5KQ9v63zL_oUIEaEv1EOKkjNYd51:17";"2026-08-10";"Demercado";"08.601.964/0001-05";"MEGA CENTRO LOGÍSTICO CURITIBA";"PR";"Material de consumo";"CONTABILISTA SUPRIMENTOS PARA ESCRITORIO";"CONTABILISTA SUPRIMENTOS PARA ESCRITORIO";"77.765.840/0001-70";"1 / 186.601";"17";"63311";"SAPONACEO CREMOSO 250ML C/CLORO SAPOLIO RADIUM BOMBRIL";"UN";"10";"8,5";"85";"";"0";"unitario_cotado";"false";"orcamento";"2";"1HASD5KQ9v63zL_oUIEaEv1EOKkjNYd51";"Orç Contabilista R$975,37.pdf";"https://drive.google.com/file/d/1HASD5KQ9v63zL_oUIEaEv1EOKkjNYd51/view";"app/DadosContabilista.gs"
"1HASD5KQ9v63zL_oUIEaEv1EOKkjNYd51:18";"2026-08-10";"Demercado";"08.601.964/0001-05";"MEGA CENTRO LOGÍSTICO CURITIBA";"PR";"Material de consumo";"CONTABILISTA SUPRIMENTOS PARA ESCRITORIO";"CONTABILISTA SUPRIMENTOS PARA ESCRITORIO";"77.765.840/0001-70";"1 / 186.601";"18";"69192";"SODA CAUSTICA 99 GIOCA 1KG";"UN";"2";"23,85";"47,7";"";"0";"unitario_cotado";"false";"orcamento";"2";"1HASD5KQ9v63zL_oUIEaEv1EOKkjNYd51";"Orç Contabilista R$975,37.pdf";"https://drive.google.com/file/d/1HASD5KQ9v63zL_oUIEaEv1EOKkjNYd51/view";"app/DadosContabilista.gs"
"1HASD5KQ9v63zL_oUIEaEv1EOKkjNYd51:19";"2026-08-10";"Demercado";"08.601.964/0001-05";"MEGA CENTRO LOGÍSTICO CURITIBA";"PR";"Material de consumo";"CONTABILISTA SUPRIMENTOS PARA ESCRITORIO";"CONTABILISTA SUPRIMENTOS PARA ESCRITORIO";"77.765.840/0001-70";"1 / 186.601";"19";"73667";"LIMPA PISO 5L TROPPEL";"UN";"3";"19,6";"58,8";"";"0";"unitario_cotado";"false";"orcamento";"2";"1HASD5KQ9v63zL_oUIEaEv1EOKkjNYd51";"Orç Contabilista R$975,37.pdf";"https://drive.google.com/file/d/1HASD5KQ9v63zL_oUIEaEv1EOKkjNYd51/view";"app/DadosContabilista.gs"
"16XM5uniW7hC6WDJTILPAlc4CqU6X-K0v:1";"2026-08-12";"Demercado";"08.601.964/0001-05";"MEGA CENTRO LOGÍSTICO CURITIBA";"PR";"Material de escritório e consumo";"FABESUL";"FABESUL";"89.054.050/0006-70";"7668495";"1";"1431";"Fita Rotulador Eletrônico 12mm Preto/Branco M231 Brother";"UN";"1";"75,1";"75,1";"";"0";"unitario_cotado";"false";"orcamento";"1";"16XM5uniW7hC6WDJTILPAlc4CqU6X-K0v";"Orç Fabesul R$719,42.pdf";"https://drive.google.com/file/d/16XM5uniW7hC6WDJTILPAlc4CqU6X-K0v/view";"app/DadosFabesul.gs"
"16XM5uniW7hC6WDJTILPAlc4CqU6X-K0v:2";"2026-08-12";"Demercado";"08.601.964/0001-05";"MEGA CENTRO LOGÍSTICO CURITIBA";"PR";"Material de escritório e consumo";"FABESUL";"FABESUL";"89.054.050/0006-70";"7668495";"2";"26115";"Prancheta Poliestireno Of. Cr C/Prendedor Metal 435 Maxcril 10260019";"UN";"1";"17,05";"17,05";"";"0";"unitario_cotado";"false";"orcamento";"1";"16XM5uniW7hC6WDJTILPAlc4CqU6X-K0v";"Orç Fabesul R$719,42.pdf";"https://drive.google.com/file/d/16XM5uniW7hC6WDJTILPAlc4CqU6X-K0v/view";"app/DadosFabesul.gs"
"16XM5uniW7hC6WDJTILPAlc4CqU6X-K0v:3";"2026-08-12";"Demercado";"08.601.964/0001-05";"MEGA CENTRO LOGÍSTICO CURITIBA";"PR";"Material de escritório e consumo";"FABESUL";"FABESUL";"89.054.050/0006-70";"7668495";"3";"23791";"Tesoura 21 Cm Cis Office Ts54  Plast. 2407000";"UN";"1";"11,62";"11,62";"";"0";"unitario_cotado";"false";"orcamento";"1";"16XM5uniW7hC6WDJTILPAlc4CqU6X-K0v";"Orç Fabesul R$719,42.pdf";"https://drive.google.com/file/d/16XM5uniW7hC6WDJTILPAlc4CqU6X-K0v/view";"app/DadosFabesul.gs"
"16XM5uniW7hC6WDJTILPAlc4CqU6X-K0v:4";"2026-08-12";"Demercado";"08.601.964/0001-05";"MEGA CENTRO LOGÍSTICO CURITIBA";"PR";"Material de escritório e consumo";"FABESUL";"FABESUL";"89.054.050/0006-70";"7668495";"4";"32261";"Fita Empacotamento 45X40M Inoven Ref. 1011";"RL";"2";"3,21";"6,42";"";"0";"unitario_cotado";"false";"orcamento";"1";"16XM5uniW7hC6WDJTILPAlc4CqU6X-K0v";"Orç Fabesul R$719,42.pdf";"https://drive.google.com/file/d/16XM5uniW7hC6WDJTILPAlc4CqU6X-K0v/view";"app/DadosFabesul.gs"
"16XM5uniW7hC6WDJTILPAlc4CqU6X-K0v:5";"2026-08-12";"Demercado";"08.601.964/0001-05";"MEGA CENTRO LOGÍSTICO CURITIBA";"PR";"Material de escritório e consumo";"FABESUL";"FABESUL";"89.054.050/0006-70";"7668495";"5";"12314";"Fita Crepe 12X50M Branca Adelbras";"RL";"6";"3,95";"23,7";"";"0";"unitario_cotado";"false";"orcamento";"1";"16XM5uniW7hC6WDJTILPAlc4CqU6X-K0v";"Orç Fabesul R$719,42.pdf";"https://drive.google.com/file/d/16XM5uniW7hC6WDJTILPAlc4CqU6X-K0v/view";"app/DadosFabesul.gs"
"16XM5uniW7hC6WDJTILPAlc4CqU6X-K0v:6";"2026-08-12";"Demercado";"08.601.964/0001-05";"MEGA CENTRO LOGÍSTICO CURITIBA";"PR";"Material de escritório e consumo";"FABESUL";"FABESUL";"89.054.050/0006-70";"7668495";"6";"27337";"Estilete Largo 18mm Plástico Mp451 Masterprint";"UN";"2";"1,47";"2,94";"";"0";"unitario_cotado";"false";"orcamento";"1";"16XM5uniW7hC6WDJTILPAlc4CqU6X-K0v";"Orç Fabesul R$719,42.pdf";"https://drive.google.com/file/d/16XM5uniW7hC6WDJTILPAlc4CqU6X-K0v/view";"app/DadosFabesul.gs"
"16XM5uniW7hC6WDJTILPAlc4CqU6X-K0v:7";"2026-08-12";"Demercado";"08.601.964/0001-05";"MEGA CENTRO LOGÍSTICO CURITIBA";"PR";"Material de escritório e consumo";"FABESUL";"FABESUL";"89.054.050/0006-70";"7668495";"7";"31980";"Pilha Peq. AA Alcalina C/4 Un Blister ELE000000082153";"CJ";"3";"8,58";"25,74";"";"0";"unitario_cotado";"false";"orcamento";"1";"16XM5uniW7hC6WDJTILPAlc4CqU6X-K0v";"Orç Fabesul R$719,42.pdf";"https://drive.google.com/file/d/16XM5uniW7hC6WDJTILPAlc4CqU6X-K0v/view";"app/DadosFabesul.gs"
"16XM5uniW7hC6WDJTILPAlc4CqU6X-K0v:8";"2026-08-12";"Demercado";"08.601.964/0001-05";"MEGA CENTRO LOGÍSTICO CURITIBA";"PR";"Material de escritório e consumo";"FABESUL";"FABESUL";"89.054.050/0006-70";"7668495";"8";"31981";"Pilha Palito AAA Alcalina C/4 Un Blister ELE000000082155";"CJ";"3";"10,21";"30,63";"";"0";"unitario_cotado";"false";"orcamento";"1";"16XM5uniW7hC6WDJTILPAlc4CqU6X-K0v";"Orç Fabesul R$719,42.pdf";"https://drive.google.com/file/d/16XM5uniW7hC6WDJTILPAlc4CqU6X-K0v/view";"app/DadosFabesul.gs"
"16XM5uniW7hC6WDJTILPAlc4CqU6X-K0v:9";"2026-08-12";"Demercado";"08.601.964/0001-05";"MEGA CENTRO LOGÍSTICO CURITIBA";"PR";"Material de escritório e consumo";"FABESUL";"FABESUL";"89.054.050/0006-70";"7668495";"9";"26021";"Régua 30Cm Plástica Cristal Estreita Maxcril 10270012 CD2";"UN";"2";"1,27";"2,54";"";"0";"unitario_cotado";"false";"orcamento";"1";"16XM5uniW7hC6WDJTILPAlc4CqU6X-K0v";"Orç Fabesul R$719,42.pdf";"https://drive.google.com/file/d/16XM5uniW7hC6WDJTILPAlc4CqU6X-K0v/view";"app/DadosFabesul.gs"
"16XM5uniW7hC6WDJTILPAlc4CqU6X-K0v:10";"2026-08-12";"Demercado";"08.601.964/0001-05";"MEGA CENTRO LOGÍSTICO CURITIBA";"PR";"Material de escritório e consumo";"FABESUL";"FABESUL";"89.054.050/0006-70";"7668495";"10";"30676";"Bobina Térmica 1 Via 80X80M Br Regispel R23 T12 48G R.31123";"UN";"48";"10,91";"523,68";"";"0";"unitario_cotado";"false";"orcamento";"1";"16XM5uniW7hC6WDJTILPAlc4CqU6X-K0v";"Orç Fabesul R$719,42.pdf";"https://drive.google.com/file/d/16XM5uniW7hC6WDJTILPAlc4CqU6X-K0v/view";"app/DadosFabesul.gs"
"18jmD4kEixd92plqJ8_9DsYMtQgGGIwkz:1";"2025-12-19";"Capital Realty";"03.015.145/0001-54";"MEGA CENTRO LOGÍSTICO ESTEIO";"RS";"Material de consumo";"BASE PAPEIS";"BASE PAPEIS";"07.986.449/0001-10";"177258";"1";"15119";"AGUA SANITARIA 5 LT - MARQUI";"";"3";"8,9";"26,7";"";"0";"unitario_cotado";"true";"orcamento";"";"18jmD4kEixd92plqJ8_9DsYMtQgGGIwkz";"CotacaoBasePapeis_177258";"https://drive.google.com/file/d/18jmD4kEixd92plqJ8_9DsYMtQgGGIwkz/view";"app/DadosBasePapeis.gs"
"18jmD4kEixd92plqJ8_9DsYMtQgGGIwkz:2";"2025-12-19";"Capital Realty";"03.015.145/0001-54";"MEGA CENTRO LOGÍSTICO ESTEIO";"RS";"Material de consumo";"BASE PAPEIS";"BASE PAPEIS";"07.986.449/0001-10";"177258";"2";"13936";"ALCOOL LIQUIDO 5 LT FLOPS";"";"2";"45";"90";"";"0";"unitario_cotado";"true";"orcamento";"";"18jmD4kEixd92plqJ8_9DsYMtQgGGIwkz";"CotacaoBasePapeis_177258";"https://drive.google.com/file/d/18jmD4kEixd92plqJ8_9DsYMtQgGGIwkz/view";"app/DadosBasePapeis.gs"
"18jmD4kEixd92plqJ8_9DsYMtQgGGIwkz:3";"2025-12-19";"Capital Realty";"03.015.145/0001-54";"MEGA CENTRO LOGÍSTICO ESTEIO";"RS";"Material de consumo";"BASE PAPEIS";"BASE PAPEIS";"07.986.449/0001-10";"177258";"3";"373";"CAFE MELITTA TRADICIONAL 500 GR";"";"8";"39,5";"316";"";"0";"unitario_cotado";"true";"orcamento";"";"18jmD4kEixd92plqJ8_9DsYMtQgGGIwkz";"CotacaoBasePapeis_177258";"https://drive.google.com/file/d/18jmD4kEixd92plqJ8_9DsYMtQgGGIwkz/view";"app/DadosBasePapeis.gs"
"18jmD4kEixd92plqJ8_9DsYMtQgGGIwkz:4";"2025-12-19";"Capital Realty";"03.015.145/0001-54";"MEGA CENTRO LOGÍSTICO ESTEIO";"RS";"Material de consumo";"BASE PAPEIS";"BASE PAPEIS";"07.986.449/0001-10";"177258";"4";"14981";"COPO PLASTICO 200ML C/100 UN BRANCO COPOBRAS PP";"";"10";"6,98";"69,8";"";"0";"unitario_cotado";"true";"orcamento";"";"18jmD4kEixd92plqJ8_9DsYMtQgGGIwkz";"CotacaoBasePapeis_177258";"https://drive.google.com/file/d/18jmD4kEixd92plqJ8_9DsYMtQgGGIwkz/view";"app/DadosBasePapeis.gs"
"18jmD4kEixd92plqJ8_9DsYMtQgGGIwkz:5";"2025-12-19";"Capital Realty";"03.015.145/0001-54";"MEGA CENTRO LOGÍSTICO ESTEIO";"RS";"Material de consumo";"BASE PAPEIS";"BASE PAPEIS";"07.986.449/0001-10";"177258";"5";"13312";"DESINFETANTE 5 LT LAVANDA - AQUAFAST";"";"3";"19,95";"59,85";"";"0";"unitario_cotado";"true";"orcamento";"";"18jmD4kEixd92plqJ8_9DsYMtQgGGIwkz";"CotacaoBasePapeis_177258";"https://drive.google.com/file/d/18jmD4kEixd92plqJ8_9DsYMtQgGGIwkz/view";"app/DadosBasePapeis.gs"
"18jmD4kEixd92plqJ8_9DsYMtQgGGIwkz:6";"2025-12-19";"Capital Realty";"03.015.145/0001-54";"MEGA CENTRO LOGÍSTICO ESTEIO";"RS";"Material de consumo";"BASE PAPEIS";"BASE PAPEIS";"07.986.449/0001-10";"177258";"6";"12752";"DETERGENTE 5 LT NEUTRO - AQUAFAST";"";"2";"22";"44";"";"0";"unitario_cotado";"true";"orcamento";"";"18jmD4kEixd92plqJ8_9DsYMtQgGGIwkz";"CotacaoBasePapeis_177258";"https://drive.google.com/file/d/18jmD4kEixd92plqJ8_9DsYMtQgGGIwkz/view";"app/DadosBasePapeis.gs"
"18jmD4kEixd92plqJ8_9DsYMtQgGGIwkz:7";"2025-12-19";"Capital Realty";"03.015.145/0001-54";"MEGA CENTRO LOGÍSTICO ESTEIO";"RS";"Material de consumo";"BASE PAPEIS";"BASE PAPEIS";"07.986.449/0001-10";"177258";"7";"371";"FILTRO CAFE 103 C/30 UN BRIGITTA";"";"3";"5,1";"15,3";"";"0";"unitario_cotado";"true";"orcamento";"";"18jmD4kEixd92plqJ8_9DsYMtQgGGIwkz";"CotacaoBasePapeis_177258";"https://drive.google.com/file/d/18jmD4kEixd92plqJ8_9DsYMtQgGGIwkz/view";"app/DadosBasePapeis.gs"
"18jmD4kEixd92plqJ8_9DsYMtQgGGIwkz:8";"2025-12-19";"Capital Realty";"03.015.145/0001-54";"MEGA CENTRO LOGÍSTICO ESTEIO";"RS";"Material de consumo";"BASE PAPEIS";"BASE PAPEIS";"07.986.449/0001-10";"177258";"8";"614";"LIMPADOR 500 ML LIMPA VIDROS C/ ALCOOL SQUEEZE - VEJA";"";"2";"13";"26";"";"0";"unitario_cotado";"true";"orcamento";"";"18jmD4kEixd92plqJ8_9DsYMtQgGGIwkz";"CotacaoBasePapeis_177258";"https://drive.google.com/file/d/18jmD4kEixd92plqJ8_9DsYMtQgGGIwkz/view";"app/DadosBasePapeis.gs"
"18jmD4kEixd92plqJ8_9DsYMtQgGGIwkz:9";"2025-12-19";"Capital Realty";"03.015.145/0001-54";"MEGA CENTRO LOGÍSTICO ESTEIO";"RS";"Material de consumo";"BASE PAPEIS";"BASE PAPEIS";"07.986.449/0001-10";"177258";"9";"1489";"PA DE LIXO JEITOSA C/CABO SUPERPRO BETTANIN";"";"1";"22";"22";"";"0";"unitario_cotado";"true";"orcamento";"";"18jmD4kEixd92plqJ8_9DsYMtQgGGIwkz";"CotacaoBasePapeis_177258";"https://drive.google.com/file/d/18jmD4kEixd92plqJ8_9DsYMtQgGGIwkz/view";"app/DadosBasePapeis.gs"
"18jmD4kEixd92plqJ8_9DsYMtQgGGIwkz:10";"2025-12-19";"Capital Realty";"03.015.145/0001-54";"MEGA CENTRO LOGÍSTICO ESTEIO";"RS";"Material de consumo";"BASE PAPEIS";"BASE PAPEIS";"07.986.449/0001-10";"177258";"10";"800";"PAPEL HIG ROLO 8X300M LUXO - IPEL NATUREZA";"";"2";"75,75";"151,5";"";"0";"unitario_cotado";"true";"orcamento";"";"18jmD4kEixd92plqJ8_9DsYMtQgGGIwkz";"CotacaoBasePapeis_177258";"https://drive.google.com/file/d/18jmD4kEixd92plqJ8_9DsYMtQgGGIwkz/view";"app/DadosBasePapeis.gs"
"18jmD4kEixd92plqJ8_9DsYMtQgGGIwkz:11";"2025-12-19";"Capital Realty";"03.015.145/0001-54";"MEGA CENTRO LOGÍSTICO ESTEIO";"RS";"Material de consumo";"BASE PAPEIS";"BASE PAPEIS";"07.986.449/0001-10";"177258";"11";"15289";"PAPEL INTERFOLHADO 20 X 20 1000F/20 - PENIPEL";"";"8";"19,95";"159,6";"";"0";"unitario_cotado";"true";"orcamento";"";"18jmD4kEixd92plqJ8_9DsYMtQgGGIwkz";"CotacaoBasePapeis_177258";"https://drive.google.com/file/d/18jmD4kEixd92plqJ8_9DsYMtQgGGIwkz/view";"app/DadosBasePapeis.gs"
"18jmD4kEixd92plqJ8_9DsYMtQgGGIwkz:12";"2025-12-19";"Capital Realty";"03.015.145/0001-54";"MEGA CENTRO LOGÍSTICO ESTEIO";"RS";"Material de consumo";"BASE PAPEIS";"BASE PAPEIS";"07.986.449/0001-10";"177258";"12";"399";"SACO ALVEJADO 0,50 X 0,70 - MARTINS";"";"4";"5,95";"23,8";"";"0";"unitario_cotado";"true";"orcamento";"";"18jmD4kEixd92plqJ8_9DsYMtQgGGIwkz";"CotacaoBasePapeis_177258";"https://drive.google.com/file/d/18jmD4kEixd92plqJ8_9DsYMtQgGGIwkz/view";"app/DadosBasePapeis.gs"
"18jmD4kEixd92plqJ8_9DsYMtQgGGIwkz:13";"2025-12-19";"Capital Realty";"03.015.145/0001-54";"MEGA CENTRO LOGÍSTICO ESTEIO";"RS";"Material de consumo";"BASE PAPEIS";"BASE PAPEIS";"07.986.449/0001-10";"177258";"13";"14672";"SACO LIXO 060 LT PRETO REFORCADO C/100 (11KG) - BASE LIX";"";"2";"24,9";"49,8";"";"0";"unitario_cotado";"true";"orcamento";"";"18jmD4kEixd92plqJ8_9DsYMtQgGGIwkz";"CotacaoBasePapeis_177258";"https://drive.google.com/file/d/18jmD4kEixd92plqJ8_9DsYMtQgGGIwkz/view";"app/DadosBasePapeis.gs"
"18jmD4kEixd92plqJ8_9DsYMtQgGGIwkz:14";"2025-12-19";"Capital Realty";"03.015.145/0001-54";"MEGA CENTRO LOGÍSTICO ESTEIO";"RS";"Material de consumo";"BASE PAPEIS";"BASE PAPEIS";"07.986.449/0001-10";"177258";"14";"13726";"SACO LIXO 100 LT PRETO REFORCADO C/100 (24KG) - BASE ECOSUL";"";"2";"46,86";"93,72";"";"0";"unitario_cotado";"true";"orcamento";"";"18jmD4kEixd92plqJ8_9DsYMtQgGGIwkz";"CotacaoBasePapeis_177258";"https://drive.google.com/file/d/18jmD4kEixd92plqJ8_9DsYMtQgGGIwkz/view";"app/DadosBasePapeis.gs"
"18jmD4kEixd92plqJ8_9DsYMtQgGGIwkz:15";"2025-12-19";"Capital Realty";"03.015.145/0001-54";"MEGA CENTRO LOGÍSTICO ESTEIO";"RS";"Material de consumo";"BASE PAPEIS";"BASE PAPEIS";"07.986.449/0001-10";"177258";"15";"12744";"SACO LIXO 200 LT PRETO REFORCADO C/50 - BASE ECOSUL";"";"1";"35";"35";"";"0";"unitario_cotado";"true";"orcamento";"";"18jmD4kEixd92plqJ8_9DsYMtQgGGIwkz";"CotacaoBasePapeis_177258";"https://drive.google.com/file/d/18jmD4kEixd92plqJ8_9DsYMtQgGGIwkz/view";"app/DadosBasePapeis.gs"
"1pziA36BWAe_wi6TWtQ4ZvhuOH7XRGry8:1";"2026-01-20";"Capital Realty";"03.015.145/0001-54";"MEGA CENTRO LOGÍSTICO ESTEIO";"RS";"Material de consumo";"BASE PAPEIS";"BASE PAPEIS";"07.986.449/0001-10";"178511";"1";"15935";"ACUCAR REFINADO 1 KG GUARANI";"";"3";"5,45";"16,35";"";"0";"unitario_cotado";"true";"orcamento";"";"1pziA36BWAe_wi6TWtQ4ZvhuOH7XRGry8";"CotacaoBasePapeis_178511";"https://drive.google.com/file/d/1pziA36BWAe_wi6TWtQ4ZvhuOH7XRGry8/view";"app/DadosBasePapeis.gs"
"1pziA36BWAe_wi6TWtQ4ZvhuOH7XRGry8:2";"2026-01-20";"Capital Realty";"03.015.145/0001-54";"MEGA CENTRO LOGÍSTICO ESTEIO";"RS";"Material de consumo";"BASE PAPEIS";"BASE PAPEIS";"07.986.449/0001-10";"178511";"2";"15119";"AGUA SANITARIA 5 LT - MARQUI";"";"2";"8,9";"17,8";"";"0";"unitario_cotado";"true";"orcamento";"";"1pziA36BWAe_wi6TWtQ4ZvhuOH7XRGry8";"CotacaoBasePapeis_178511";"https://drive.google.com/file/d/1pziA36BWAe_wi6TWtQ4ZvhuOH7XRGry8/view";"app/DadosBasePapeis.gs"
"1pziA36BWAe_wi6TWtQ4ZvhuOH7XRGry8:3";"2026-01-20";"Capital Realty";"03.015.145/0001-54";"MEGA CENTRO LOGÍSTICO ESTEIO";"RS";"Material de consumo";"BASE PAPEIS";"BASE PAPEIS";"07.986.449/0001-10";"178511";"3";"13936";"ALCOOL LIQUIDO 5 LT FLOPS";"";"1";"45";"45";"";"0";"unitario_cotado";"true";"orcamento";"";"1pziA36BWAe_wi6TWtQ4ZvhuOH7XRGry8";"CotacaoBasePapeis_178511";"https://drive.google.com/file/d/1pziA36BWAe_wi6TWtQ4ZvhuOH7XRGry8/view";"app/DadosBasePapeis.gs"
"1pziA36BWAe_wi6TWtQ4ZvhuOH7XRGry8:4";"2026-01-20";"Capital Realty";"03.015.145/0001-54";"MEGA CENTRO LOGÍSTICO ESTEIO";"RS";"Material de consumo";"BASE PAPEIS";"BASE PAPEIS";"07.986.449/0001-10";"178511";"4";"373";"CAFE MELITTA TRADICIONAL 500 GR";"";"8";"39,5";"316";"";"0";"unitario_cotado";"true";"orcamento";"";"1pziA36BWAe_wi6TWtQ4ZvhuOH7XRGry8";"CotacaoBasePapeis_178511";"https://drive.google.com/file/d/1pziA36BWAe_wi6TWtQ4ZvhuOH7XRGry8/view";"app/DadosBasePapeis.gs"
"1pziA36BWAe_wi6TWtQ4ZvhuOH7XRGry8:5";"2026-01-20";"Capital Realty";"03.015.145/0001-54";"MEGA CENTRO LOGÍSTICO ESTEIO";"RS";"Material de consumo";"BASE PAPEIS";"BASE PAPEIS";"07.986.449/0001-10";"178511";"5";"14981";"COPO PLASTICO 200ML C/100 UN BRANCO COPOBRAS PP";"";"10";"6,98";"69,8";"";"0";"unitario_cotado";"true";"orcamento";"";"1pziA36BWAe_wi6TWtQ4ZvhuOH7XRGry8";"CotacaoBasePapeis_178511";"https://drive.google.com/file/d/1pziA36BWAe_wi6TWtQ4ZvhuOH7XRGry8/view";"app/DadosBasePapeis.gs"
"1pziA36BWAe_wi6TWtQ4ZvhuOH7XRGry8:6";"2026-01-20";"Capital Realty";"03.015.145/0001-54";"MEGA CENTRO LOGÍSTICO ESTEIO";"RS";"Material de consumo";"BASE PAPEIS";"BASE PAPEIS";"07.986.449/0001-10";"178511";"6";"13312";"DESINFETANTE 5 LT LAVANDA - AQUAFAST";"";"3";"19,95";"59,85";"";"0";"unitario_cotado";"true";"orcamento";"";"1pziA36BWAe_wi6TWtQ4ZvhuOH7XRGry8";"CotacaoBasePapeis_178511";"https://drive.google.com/file/d/1pziA36BWAe_wi6TWtQ4ZvhuOH7XRGry8/view";"app/DadosBasePapeis.gs"
"1pziA36BWAe_wi6TWtQ4ZvhuOH7XRGry8:7";"2026-01-20";"Capital Realty";"03.015.145/0001-54";"MEGA CENTRO LOGÍSTICO ESTEIO";"RS";"Material de consumo";"BASE PAPEIS";"BASE PAPEIS";"07.986.449/0001-10";"178511";"7";"12752";"DETERGENTE 5 LT NEUTRO - AQUAFAST";"";"1";"22";"22";"";"0";"unitario_cotado";"true";"orcamento";"";"1pziA36BWAe_wi6TWtQ4ZvhuOH7XRGry8";"CotacaoBasePapeis_178511";"https://drive.google.com/file/d/1pziA36BWAe_wi6TWtQ4ZvhuOH7XRGry8/view";"app/DadosBasePapeis.gs"
"1pziA36BWAe_wi6TWtQ4ZvhuOH7XRGry8:8";"2026-01-20";"Capital Realty";"03.015.145/0001-54";"MEGA CENTRO LOGÍSTICO ESTEIO";"RS";"Material de consumo";"BASE PAPEIS";"BASE PAPEIS";"07.986.449/0001-10";"178511";"8";"371";"FILTRO CAFE 103 C/30 UN BRIGITTA";"";"3";"5,1";"15,3";"";"0";"unitario_cotado";"true";"orcamento";"";"1pziA36BWAe_wi6TWtQ4ZvhuOH7XRGry8";"CotacaoBasePapeis_178511";"https://drive.google.com/file/d/1pziA36BWAe_wi6TWtQ4ZvhuOH7XRGry8/view";"app/DadosBasePapeis.gs"
"1pziA36BWAe_wi6TWtQ4ZvhuOH7XRGry8:9";"2026-01-20";"Capital Realty";"03.015.145/0001-54";"MEGA CENTRO LOGÍSTICO ESTEIO";"RS";"Material de consumo";"BASE PAPEIS";"BASE PAPEIS";"07.986.449/0001-10";"178511";"9";"614";"LIMPADOR 500 ML LIMPA VIDROS C/ ALCOOL SQUEEZE - VEJA";"";"2";"13";"26";"";"0";"unitario_cotado";"true";"orcamento";"";"1pziA36BWAe_wi6TWtQ4ZvhuOH7XRGry8";"CotacaoBasePapeis_178511";"https://drive.google.com/file/d/1pziA36BWAe_wi6TWtQ4ZvhuOH7XRGry8/view";"app/DadosBasePapeis.gs"
"1pziA36BWAe_wi6TWtQ4ZvhuOH7XRGry8:10";"2026-01-20";"Capital Realty";"03.015.145/0001-54";"MEGA CENTRO LOGÍSTICO ESTEIO";"RS";"Material de consumo";"BASE PAPEIS";"BASE PAPEIS";"07.986.449/0001-10";"178511";"10";"12900";"LUVA BORRACHA AZUL M - VOLK";"";"3";"4,95";"14,85";"";"0";"unitario_cotado";"true";"orcamento";"";"1pziA36BWAe_wi6TWtQ4ZvhuOH7XRGry8";"CotacaoBasePapeis_178511";"https://drive.google.com/file/d/1pziA36BWAe_wi6TWtQ4ZvhuOH7XRGry8/view";"app/DadosBasePapeis.gs"
"1pziA36BWAe_wi6TWtQ4ZvhuOH7XRGry8:11";"2026-01-20";"Capital Realty";"03.015.145/0001-54";"MEGA CENTRO LOGÍSTICO ESTEIO";"RS";"Material de consumo";"BASE PAPEIS";"BASE PAPEIS";"07.986.449/0001-10";"178511";"11";"796";"PA DE LIXO COLETORA COM TAMPA COM CABO BETTANIN";"";"1";"43,45";"43,45";"";"0";"unitario_cotado";"true";"orcamento";"";"1pziA36BWAe_wi6TWtQ4ZvhuOH7XRGry8";"CotacaoBasePapeis_178511";"https://drive.google.com/file/d/1pziA36BWAe_wi6TWtQ4ZvhuOH7XRGry8/view";"app/DadosBasePapeis.gs"
"1pziA36BWAe_wi6TWtQ4ZvhuOH7XRGry8:12";"2026-01-20";"Capital Realty";"03.015.145/0001-54";"MEGA CENTRO LOGÍSTICO ESTEIO";"RS";"Material de consumo";"BASE PAPEIS";"BASE PAPEIS";"07.986.449/0001-10";"178511";"12";"14899";"PANO MULTIUSO C/ 5 UNIDADES AZUL INOVEN";"";"2";"3,15";"6,3";"";"0";"unitario_cotado";"true";"orcamento";"";"1pziA36BWAe_wi6TWtQ4ZvhuOH7XRGry8";"CotacaoBasePapeis_178511";"https://drive.google.com/file/d/1pziA36BWAe_wi6TWtQ4ZvhuOH7XRGry8/view";"app/DadosBasePapeis.gs"
"1pziA36BWAe_wi6TWtQ4ZvhuOH7XRGry8:13";"2026-01-20";"Capital Realty";"03.015.145/0001-54";"MEGA CENTRO LOGÍSTICO ESTEIO";"RS";"Material de consumo";"BASE PAPEIS";"BASE PAPEIS";"07.986.449/0001-10";"178511";"13";"800";"PAPEL HIG ROLO 8X300M LUXO - IPEL NATUREZA";"";"2";"75,75";"151,5";"";"0";"unitario_cotado";"true";"orcamento";"";"1pziA36BWAe_wi6TWtQ4ZvhuOH7XRGry8";"CotacaoBasePapeis_178511";"https://drive.google.com/file/d/1pziA36BWAe_wi6TWtQ4ZvhuOH7XRGry8/view";"app/DadosBasePapeis.gs"
"1pziA36BWAe_wi6TWtQ4ZvhuOH7XRGry8:14";"2026-01-20";"Capital Realty";"03.015.145/0001-54";"MEGA CENTRO LOGÍSTICO ESTEIO";"RS";"Material de consumo";"BASE PAPEIS";"BASE PAPEIS";"07.986.449/0001-10";"178511";"14";"15289";"PAPEL INTERFOLHADO 20 X 20 1000F/20 - PENIPEL";"";"8";"19,95";"159,6";"";"0";"unitario_cotado";"true";"orcamento";"";"1pziA36BWAe_wi6TWtQ4ZvhuOH7XRGry8";"CotacaoBasePapeis_178511";"https://drive.google.com/file/d/1pziA36BWAe_wi6TWtQ4ZvhuOH7XRGry8/view";"app/DadosBasePapeis.gs"
"1pziA36BWAe_wi6TWtQ4ZvhuOH7XRGry8:15";"2026-01-20";"Capital Realty";"03.015.145/0001-54";"MEGA CENTRO LOGÍSTICO ESTEIO";"RS";"Material de consumo";"BASE PAPEIS";"BASE PAPEIS";"07.986.449/0001-10";"178511";"15";"2037";"SABONETE ESPUMA REFIL 500ML COTTON HYDRAPLUS";"";"6";"14,95";"89,7";"";"0";"unitario_cotado";"true";"orcamento";"";"1pziA36BWAe_wi6TWtQ4ZvhuOH7XRGry8";"CotacaoBasePapeis_178511";"https://drive.google.com/file/d/1pziA36BWAe_wi6TWtQ4ZvhuOH7XRGry8/view";"app/DadosBasePapeis.gs"
"1pziA36BWAe_wi6TWtQ4ZvhuOH7XRGry8:16";"2026-01-20";"Capital Realty";"03.015.145/0001-54";"MEGA CENTRO LOGÍSTICO ESTEIO";"RS";"Material de consumo";"BASE PAPEIS";"BASE PAPEIS";"07.986.449/0001-10";"178511";"16";"399";"SACO ALVEJADO 0,50 X 0,70 - MARTINS";"";"4";"5,95";"23,8";"";"0";"unitario_cotado";"true";"orcamento";"";"1pziA36BWAe_wi6TWtQ4ZvhuOH7XRGry8";"CotacaoBasePapeis_178511";"https://drive.google.com/file/d/1pziA36BWAe_wi6TWtQ4ZvhuOH7XRGry8/view";"app/DadosBasePapeis.gs"
"1pziA36BWAe_wi6TWtQ4ZvhuOH7XRGry8:17";"2026-01-20";"Capital Realty";"03.015.145/0001-54";"MEGA CENTRO LOGÍSTICO ESTEIO";"RS";"Material de consumo";"BASE PAPEIS";"BASE PAPEIS";"07.986.449/0001-10";"178511";"17";"14674";"SACO LIXO 060 LT PRETO LEVE C/100 (8,0KG) - BASE LIX";"";"2";"24,9";"49,8";"";"0";"unitario_cotado";"true";"orcamento";"";"1pziA36BWAe_wi6TWtQ4ZvhuOH7XRGry8";"CotacaoBasePapeis_178511";"https://drive.google.com/file/d/1pziA36BWAe_wi6TWtQ4ZvhuOH7XRGry8/view";"app/DadosBasePapeis.gs"
"1dOcriJeFcqaaVzagTSQubH6Sc0O3-ixq:1";"2026-01-25";"Capital Realty";"03.015.145/0001-54";"MEGA CENTRO LOGÍSTICO ESTEIO";"RS";"Serviço de limpeza de piso";"ADS MANUTENÇÃO PREDIAL";"ADS MANUTENÇÃO E CONSERVAÇÃO LTDA";"41.398.529/0001-92";"";"1";"";"Máquina lava";"";"";"";"2700";"";"";"global_sem_unitario";"false";"orcamento";"1";"1dOcriJeFcqaaVzagTSQubH6Sc0O3-ixq";"Orç. ADS_10.000,00 Limpeza piso_REV01.pdf";"https://drive.google.com/file/d/1dOcriJeFcqaaVzagTSQubH6Sc0O3-ixq/view";"app/DadosADS.gs"
"1dOcriJeFcqaaVzagTSQubH6Sc0O3-ixq:2";"2026-01-25";"Capital Realty";"03.015.145/0001-54";"MEGA CENTRO LOGÍSTICO ESTEIO";"RS";"Serviço de limpeza de piso";"ADS MANUTENÇÃO PREDIAL";"ADS MANUTENÇÃO E CONSERVAÇÃO LTDA";"41.398.529/0001-92";"";"2";"";"Produto de limpeza";"";"";"";"890";"";"";"global_sem_unitario";"false";"orcamento";"1";"1dOcriJeFcqaaVzagTSQubH6Sc0O3-ixq";"Orç. ADS_10.000,00 Limpeza piso_REV01.pdf";"https://drive.google.com/file/d/1dOcriJeFcqaaVzagTSQubH6Sc0O3-ixq/view";"app/DadosADS.gs"
"1dOcriJeFcqaaVzagTSQubH6Sc0O3-ixq:3";"2026-01-25";"Capital Realty";"03.015.145/0001-54";"MEGA CENTRO LOGÍSTICO ESTEIO";"RS";"Serviço de limpeza de piso";"ADS MANUTENÇÃO PREDIAL";"ADS MANUTENÇÃO E CONSERVAÇÃO LTDA";"41.398.529/0001-92";"";"3";"";"Mão de obra";"";"";"";"6410";"";"";"global_sem_unitario";"false";"orcamento";"1";"1dOcriJeFcqaaVzagTSQubH6Sc0O3-ixq";"Orç. ADS_10.000,00 Limpeza piso_REV01.pdf";"https://drive.google.com/file/d/1dOcriJeFcqaaVzagTSQubH6Sc0O3-ixq/view";"app/DadosADS.gs"
"18CitFo1BwX0cLhZGpbg_S6BmearfeF70:1";"2026-04-23";"Capital Realty";"03.015.145/0001-54";"MEGA CENTRO LOGÍSTICO ESTEIO";"RS";"Material de consumo";"BASE PAPEIS";"BASE PAPEIS";"07.986.449/0001-10";"182188";"1";"15119";"AGUA SANITARIA 5 LT - MARQUI";"";"3";"8,9";"26,7";"";"0";"unitario_cotado";"true";"orcamento";"";"18CitFo1BwX0cLhZGpbg_S6BmearfeF70";"CotacaoBasePapeis_182188";"https://drive.google.com/file/d/18CitFo1BwX0cLhZGpbg_S6BmearfeF70/view";"app/DadosBasePapeis.gs"
"18CitFo1BwX0cLhZGpbg_S6BmearfeF70:2";"2026-04-23";"Capital Realty";"03.015.145/0001-54";"MEGA CENTRO LOGÍSTICO ESTEIO";"RS";"Material de consumo";"BASE PAPEIS";"BASE PAPEIS";"07.986.449/0001-10";"182188";"2";"515";"ALCOOL LIQUIDO 1 LT 70 FLOPS";"";"2";"7,99";"15,98";"";"0";"unitario_cotado";"true";"orcamento";"";"18CitFo1BwX0cLhZGpbg_S6BmearfeF70";"CotacaoBasePapeis_182188";"https://drive.google.com/file/d/18CitFo1BwX0cLhZGpbg_S6BmearfeF70/view";"app/DadosBasePapeis.gs"
"18CitFo1BwX0cLhZGpbg_S6BmearfeF70:3";"2026-04-23";"Capital Realty";"03.015.145/0001-54";"MEGA CENTRO LOGÍSTICO ESTEIO";"RS";"Material de consumo";"BASE PAPEIS";"BASE PAPEIS";"07.986.449/0001-10";"182188";"3";"373";"CAFE MELITTA TRADICIONAL 500 GR";"";"5";"39,5";"197,5";"";"0";"unitario_cotado";"true";"orcamento";"";"18CitFo1BwX0cLhZGpbg_S6BmearfeF70";"CotacaoBasePapeis_182188";"https://drive.google.com/file/d/18CitFo1BwX0cLhZGpbg_S6BmearfeF70/view";"app/DadosBasePapeis.gs"
"18CitFo1BwX0cLhZGpbg_S6BmearfeF70:4";"2026-04-23";"Capital Realty";"03.015.145/0001-54";"MEGA CENTRO LOGÍSTICO ESTEIO";"RS";"Material de consumo";"BASE PAPEIS";"BASE PAPEIS";"07.986.449/0001-10";"182188";"4";"1842";"COPO PLASTICO 200ML C/100 UN TRANSPARENTE ECOCOPPO PP";"";"10";"6,98";"69,8";"";"0";"unitario_cotado";"true";"orcamento";"";"18CitFo1BwX0cLhZGpbg_S6BmearfeF70";"CotacaoBasePapeis_182188";"https://drive.google.com/file/d/18CitFo1BwX0cLhZGpbg_S6BmearfeF70/view";"app/DadosBasePapeis.gs"
"18CitFo1BwX0cLhZGpbg_S6BmearfeF70:5";"2026-04-23";"Capital Realty";"03.015.145/0001-54";"MEGA CENTRO LOGÍSTICO ESTEIO";"RS";"Material de consumo";"BASE PAPEIS";"BASE PAPEIS";"07.986.449/0001-10";"182188";"5";"13312";"DESINFETANTE 5 LT LAVANDA - AQUAFAST";"";"3";"19,95";"59,85";"";"0";"unitario_cotado";"true";"orcamento";"";"18CitFo1BwX0cLhZGpbg_S6BmearfeF70";"CotacaoBasePapeis_182188";"https://drive.google.com/file/d/18CitFo1BwX0cLhZGpbg_S6BmearfeF70/view";"app/DadosBasePapeis.gs"
"18CitFo1BwX0cLhZGpbg_S6BmearfeF70:6";"2026-04-23";"Capital Realty";"03.015.145/0001-54";"MEGA CENTRO LOGÍSTICO ESTEIO";"RS";"Material de consumo";"BASE PAPEIS";"BASE PAPEIS";"07.986.449/0001-10";"182188";"6";"12752";"DETERGENTE 5 LT NEUTRO - AQUAFAST";"";"2";"22";"44";"";"0";"unitario_cotado";"true";"orcamento";"";"18CitFo1BwX0cLhZGpbg_S6BmearfeF70";"CotacaoBasePapeis_182188";"https://drive.google.com/file/d/18CitFo1BwX0cLhZGpbg_S6BmearfeF70/view";"app/DadosBasePapeis.gs"
"18CitFo1BwX0cLhZGpbg_S6BmearfeF70:7";"2026-04-23";"Capital Realty";"03.015.145/0001-54";"MEGA CENTRO LOGÍSTICO ESTEIO";"RS";"Material de consumo";"BASE PAPEIS";"BASE PAPEIS";"07.986.449/0001-10";"182188";"7";"12973";"FIBRA USO GERAL 101 X 225 MM BETTANIN";"";"2";"2,5";"5";"";"0";"unitario_cotado";"true";"orcamento";"";"18CitFo1BwX0cLhZGpbg_S6BmearfeF70";"CotacaoBasePapeis_182188";"https://drive.google.com/file/d/18CitFo1BwX0cLhZGpbg_S6BmearfeF70/view";"app/DadosBasePapeis.gs"
"18CitFo1BwX0cLhZGpbg_S6BmearfeF70:8";"2026-04-23";"Capital Realty";"03.015.145/0001-54";"MEGA CENTRO LOGÍSTICO ESTEIO";"RS";"Material de consumo";"BASE PAPEIS";"BASE PAPEIS";"07.986.449/0001-10";"182188";"8";"371";"FILTRO CAFE 103 C/30 UN BRIGITTA";"";"2";"5,1";"10,2";"";"0";"unitario_cotado";"true";"orcamento";"";"18CitFo1BwX0cLhZGpbg_S6BmearfeF70";"CotacaoBasePapeis_182188";"https://drive.google.com/file/d/18CitFo1BwX0cLhZGpbg_S6BmearfeF70/view";"app/DadosBasePapeis.gs"
"18CitFo1BwX0cLhZGpbg_S6BmearfeF70:9";"2026-04-23";"Capital Realty";"03.015.145/0001-54";"MEGA CENTRO LOGÍSTICO ESTEIO";"RS";"Material de consumo";"BASE PAPEIS";"BASE PAPEIS";"07.986.449/0001-10";"182188";"9";"614";"LIMPADOR 500 ML LIMPA VIDROS C/ ALCOOL SQUEEZE - VEJA";"";"2";"13";"26";"";"0";"unitario_cotado";"true";"orcamento";"";"18CitFo1BwX0cLhZGpbg_S6BmearfeF70";"CotacaoBasePapeis_182188";"https://drive.google.com/file/d/18CitFo1BwX0cLhZGpbg_S6BmearfeF70/view";"app/DadosBasePapeis.gs"
"18CitFo1BwX0cLhZGpbg_S6BmearfeF70:10";"2026-04-23";"Capital Realty";"03.015.145/0001-54";"MEGA CENTRO LOGÍSTICO ESTEIO";"RS";"Material de consumo";"BASE PAPEIS";"BASE PAPEIS";"07.986.449/0001-10";"182188";"10";"12900";"LUVA BORRACHA AZUL M - VOLK";"";"3";"4,95";"14,85";"";"0";"unitario_cotado";"true";"orcamento";"";"18CitFo1BwX0cLhZGpbg_S6BmearfeF70";"CotacaoBasePapeis_182188";"https://drive.google.com/file/d/18CitFo1BwX0cLhZGpbg_S6BmearfeF70/view";"app/DadosBasePapeis.gs"
"18CitFo1BwX0cLhZGpbg_S6BmearfeF70:11";"2026-04-23";"Capital Realty";"03.015.145/0001-54";"MEGA CENTRO LOGÍSTICO ESTEIO";"RS";"Material de consumo";"BASE PAPEIS";"BASE PAPEIS";"07.986.449/0001-10";"182188";"11";"15606";"MOP PO REFIL 80 CM TONK";"";"1";"58";"58";"";"0";"unitario_cotado";"true";"orcamento";"";"18CitFo1BwX0cLhZGpbg_S6BmearfeF70";"CotacaoBasePapeis_182188";"https://drive.google.com/file/d/18CitFo1BwX0cLhZGpbg_S6BmearfeF70/view";"app/DadosBasePapeis.gs"
"18CitFo1BwX0cLhZGpbg_S6BmearfeF70:12";"2026-04-23";"Capital Realty";"03.015.145/0001-54";"MEGA CENTRO LOGÍSTICO ESTEIO";"RS";"Material de consumo";"BASE PAPEIS";"BASE PAPEIS";"07.986.449/0001-10";"182188";"12";"12939";"MOP UMIDO 190 GR MAXITEX";"";"1";"15,5";"15,5";"";"0";"unitario_cotado";"true";"orcamento";"";"18CitFo1BwX0cLhZGpbg_S6BmearfeF70";"CotacaoBasePapeis_182188";"https://drive.google.com/file/d/18CitFo1BwX0cLhZGpbg_S6BmearfeF70/view";"app/DadosBasePapeis.gs"
"18CitFo1BwX0cLhZGpbg_S6BmearfeF70:13";"2026-04-23";"Capital Realty";"03.015.145/0001-54";"MEGA CENTRO LOGÍSTICO ESTEIO";"RS";"Material de consumo";"BASE PAPEIS";"BASE PAPEIS";"07.986.449/0001-10";"182188";"13";"800";"PAPEL HIG ROLO 8X300M LUXO - IPEL NATUREZA";"";"2";"75,72";"151,44";"";"0";"unitario_cotado";"true";"orcamento";"";"18CitFo1BwX0cLhZGpbg_S6BmearfeF70";"CotacaoBasePapeis_182188";"https://drive.google.com/file/d/18CitFo1BwX0cLhZGpbg_S6BmearfeF70/view";"app/DadosBasePapeis.gs"
"18CitFo1BwX0cLhZGpbg_S6BmearfeF70:14";"2026-04-23";"Capital Realty";"03.015.145/0001-54";"MEGA CENTRO LOGÍSTICO ESTEIO";"RS";"Material de consumo";"BASE PAPEIS";"BASE PAPEIS";"07.986.449/0001-10";"182188";"14";"15289";"PAPEL INTERFOLHADO 20 X 20 1000F/20 - PENIPEL";"";"15";"19,95";"299,25";"";"0";"unitario_cotado";"true";"orcamento";"";"18CitFo1BwX0cLhZGpbg_S6BmearfeF70";"CotacaoBasePapeis_182188";"https://drive.google.com/file/d/18CitFo1BwX0cLhZGpbg_S6BmearfeF70/view";"app/DadosBasePapeis.gs"
"18CitFo1BwX0cLhZGpbg_S6BmearfeF70:15";"2026-04-23";"Capital Realty";"03.015.145/0001-54";"MEGA CENTRO LOGÍSTICO ESTEIO";"RS";"Material de consumo";"BASE PAPEIS";"BASE PAPEIS";"07.986.449/0001-10";"182188";"15";"2037";"SABONETE ESPUMA REFIL 500ML COTTON HYDRAPLUS";"";"6";"14,95";"89,7";"";"0";"unitario_cotado";"true";"orcamento";"";"18CitFo1BwX0cLhZGpbg_S6BmearfeF70";"CotacaoBasePapeis_182188";"https://drive.google.com/file/d/18CitFo1BwX0cLhZGpbg_S6BmearfeF70/view";"app/DadosBasePapeis.gs"
"18CitFo1BwX0cLhZGpbg_S6BmearfeF70:16";"2026-04-23";"Capital Realty";"03.015.145/0001-54";"MEGA CENTRO LOGÍSTICO ESTEIO";"RS";"Material de consumo";"BASE PAPEIS";"BASE PAPEIS";"07.986.449/0001-10";"182188";"16";"399";"SACO ALVEJADO 0,50 X 0,70 - MARTINS";"";"4";"5,95";"23,8";"";"0";"unitario_cotado";"true";"orcamento";"";"18CitFo1BwX0cLhZGpbg_S6BmearfeF70";"CotacaoBasePapeis_182188";"https://drive.google.com/file/d/18CitFo1BwX0cLhZGpbg_S6BmearfeF70/view";"app/DadosBasePapeis.gs"
"18CitFo1BwX0cLhZGpbg_S6BmearfeF70:17";"2026-04-23";"Capital Realty";"03.015.145/0001-54";"MEGA CENTRO LOGÍSTICO ESTEIO";"RS";"Material de consumo";"BASE PAPEIS";"BASE PAPEIS";"07.986.449/0001-10";"182188";"17";"14674";"SACO LIXO 060 LT PRETO LEVE C/100 (8,0KG) - BASE LIX";"";"2";"24,9";"49,8";"";"0";"unitario_cotado";"true";"orcamento";"";"18CitFo1BwX0cLhZGpbg_S6BmearfeF70";"CotacaoBasePapeis_182188";"https://drive.google.com/file/d/18CitFo1BwX0cLhZGpbg_S6BmearfeF70/view";"app/DadosBasePapeis.gs"
"18CitFo1BwX0cLhZGpbg_S6BmearfeF70:18";"2026-04-23";"Capital Realty";"03.015.145/0001-54";"MEGA CENTRO LOGÍSTICO ESTEIO";"RS";"Material de consumo";"BASE PAPEIS";"BASE PAPEIS";"07.986.449/0001-10";"182188";"18";"13726";"SACO LIXO 100 LT PRETO REFORCADO C/100 (24KG) - BASE ECOSUL";"";"1";"46,86";"46,86";"";"0";"unitario_cotado";"true";"orcamento";"";"18CitFo1BwX0cLhZGpbg_S6BmearfeF70";"CotacaoBasePapeis_182188";"https://drive.google.com/file/d/18CitFo1BwX0cLhZGpbg_S6BmearfeF70/view";"app/DadosBasePapeis.gs"
"18CitFo1BwX0cLhZGpbg_S6BmearfeF70:19";"2026-04-23";"Capital Realty";"03.015.145/0001-54";"MEGA CENTRO LOGÍSTICO ESTEIO";"RS";"Material de consumo";"BASE PAPEIS";"BASE PAPEIS";"07.986.449/0001-10";"182188";"19";"12744";"SACO LIXO 200 LT PRETO REFORCADO C/50 - BASE ECOSUL";"";"1";"39,5";"39,5";"";"0";"unitario_cotado";"true";"orcamento";"";"18CitFo1BwX0cLhZGpbg_S6BmearfeF70";"CotacaoBasePapeis_182188";"https://drive.google.com/file/d/18CitFo1BwX0cLhZGpbg_S6BmearfeF70/view";"app/DadosBasePapeis.gs"
"1EVSMzEPsL1J4R3cflIRWJoXDEBfzpykf:1";"2026-06-03";"Capital Realty";"03.015.145/0001-54";"MEGA CENTRO LOGÍSTICO ESTEIO";"RS";"Material de consumo";"BASE PAPEIS";"BASE PAPEIS";"07.986.449/0001-10";"185903";"1";"2464";"ACUCAR REFINADO 1 KG CARAVELAS";"";"2";"5,45";"10,9";"";"0";"unitario_cotado";"true";"orcamento";"";"1EVSMzEPsL1J4R3cflIRWJoXDEBfzpykf";"CotacaoBasePapeis_185903";"https://drive.google.com/file/d/1EVSMzEPsL1J4R3cflIRWJoXDEBfzpykf/view";"app/DadosBasePapeis.gs"
"1EVSMzEPsL1J4R3cflIRWJoXDEBfzpykf:2";"2026-06-03";"Capital Realty";"03.015.145/0001-54";"MEGA CENTRO LOGÍSTICO ESTEIO";"RS";"Material de consumo";"BASE PAPEIS";"BASE PAPEIS";"07.986.449/0001-10";"185903";"2";"15119";"AGUA SANITARIA 5 LT - MARQUI";"";"1";"8,9";"8,9";"";"0";"unitario_cotado";"true";"orcamento";"";"1EVSMzEPsL1J4R3cflIRWJoXDEBfzpykf";"CotacaoBasePapeis_185903";"https://drive.google.com/file/d/1EVSMzEPsL1J4R3cflIRWJoXDEBfzpykf/view";"app/DadosBasePapeis.gs"
"1EVSMzEPsL1J4R3cflIRWJoXDEBfzpykf:3";"2026-06-03";"Capital Realty";"03.015.145/0001-54";"MEGA CENTRO LOGÍSTICO ESTEIO";"RS";"Material de consumo";"BASE PAPEIS";"BASE PAPEIS";"07.986.449/0001-10";"185903";"3";"13936";"ALCOOL LIQUIDO 5 LT FLOPS";"";"1";"45";"45";"";"0";"unitario_cotado";"true";"orcamento";"";"1EVSMzEPsL1J4R3cflIRWJoXDEBfzpykf";"CotacaoBasePapeis_185903";"https://drive.google.com/file/d/1EVSMzEPsL1J4R3cflIRWJoXDEBfzpykf/view";"app/DadosBasePapeis.gs"
"1EVSMzEPsL1J4R3cflIRWJoXDEBfzpykf:4";"2026-06-03";"Capital Realty";"03.015.145/0001-54";"MEGA CENTRO LOGÍSTICO ESTEIO";"RS";"Material de consumo";"BASE PAPEIS";"BASE PAPEIS";"07.986.449/0001-10";"185903";"4";"373";"CAFE MELITTA TRADICIONAL 500 GR";"";"2";"38";"76";"";"0";"unitario_cotado";"true";"orcamento";"";"1EVSMzEPsL1J4R3cflIRWJoXDEBfzpykf";"CotacaoBasePapeis_185903";"https://drive.google.com/file/d/1EVSMzEPsL1J4R3cflIRWJoXDEBfzpykf/view";"app/DadosBasePapeis.gs"
"1EVSMzEPsL1J4R3cflIRWJoXDEBfzpykf:5";"2026-06-03";"Capital Realty";"03.015.145/0001-54";"MEGA CENTRO LOGÍSTICO ESTEIO";"RS";"Material de consumo";"BASE PAPEIS";"BASE PAPEIS";"07.986.449/0001-10";"185903";"5";"1842";"COPO PLASTICO 200ML C/100 UN TRANSPARENTE ECOCOPPO PP";"";"8";"6,98";"55,84";"";"0";"unitario_cotado";"true";"orcamento";"";"1EVSMzEPsL1J4R3cflIRWJoXDEBfzpykf";"CotacaoBasePapeis_185903";"https://drive.google.com/file/d/1EVSMzEPsL1J4R3cflIRWJoXDEBfzpykf/view";"app/DadosBasePapeis.gs"
"1EVSMzEPsL1J4R3cflIRWJoXDEBfzpykf:6";"2026-06-03";"Capital Realty";"03.015.145/0001-54";"MEGA CENTRO LOGÍSTICO ESTEIO";"RS";"Material de consumo";"BASE PAPEIS";"BASE PAPEIS";"07.986.449/0001-10";"185903";"6";"15917";"DESINFETANTE 5 LT LAVANDA - GIRANDO SOL";"";"1";"19,99";"19,99";"";"0";"unitario_cotado";"true";"orcamento";"";"1EVSMzEPsL1J4R3cflIRWJoXDEBfzpykf";"CotacaoBasePapeis_185903";"https://drive.google.com/file/d/1EVSMzEPsL1J4R3cflIRWJoXDEBfzpykf/view";"app/DadosBasePapeis.gs"
"1EVSMzEPsL1J4R3cflIRWJoXDEBfzpykf:7";"2026-06-03";"Capital Realty";"03.015.145/0001-54";"MEGA CENTRO LOGÍSTICO ESTEIO";"RS";"Material de consumo";"BASE PAPEIS";"BASE PAPEIS";"07.986.449/0001-10";"185903";"7";"12752";"DETERGENTE 5 LT NEUTRO - AQUAFAST";"";"1";"23,95";"23,95";"";"0";"unitario_cotado";"true";"orcamento";"";"1EVSMzEPsL1J4R3cflIRWJoXDEBfzpykf";"CotacaoBasePapeis_185903";"https://drive.google.com/file/d/1EVSMzEPsL1J4R3cflIRWJoXDEBfzpykf/view";"app/DadosBasePapeis.gs"
"1EVSMzEPsL1J4R3cflIRWJoXDEBfzpykf:8";"2026-06-03";"Capital Realty";"03.015.145/0001-54";"MEGA CENTRO LOGÍSTICO ESTEIO";"RS";"Material de consumo";"BASE PAPEIS";"BASE PAPEIS";"07.986.449/0001-10";"185903";"8";"371";"FILTRO CAFE 103 C/30 UN BRIGITTA";"";"2";"5,1";"10,2";"";"0";"unitario_cotado";"true";"orcamento";"";"1EVSMzEPsL1J4R3cflIRWJoXDEBfzpykf";"CotacaoBasePapeis_185903";"https://drive.google.com/file/d/1EVSMzEPsL1J4R3cflIRWJoXDEBfzpykf/view";"app/DadosBasePapeis.gs"
"1EVSMzEPsL1J4R3cflIRWJoXDEBfzpykf:9";"2026-06-03";"Capital Realty";"03.015.145/0001-54";"MEGA CENTRO LOGÍSTICO ESTEIO";"RS";"Material de consumo";"BASE PAPEIS";"BASE PAPEIS";"07.986.449/0001-10";"185903";"9";"614";"LIMPADOR 500 ML LIMPA VIDROS C/ ALCOOL SQUEEZE - VEJA";"";"1";"14,5";"14,5";"";"0";"unitario_cotado";"true";"orcamento";"";"1EVSMzEPsL1J4R3cflIRWJoXDEBfzpykf";"CotacaoBasePapeis_185903";"https://drive.google.com/file/d/1EVSMzEPsL1J4R3cflIRWJoXDEBfzpykf/view";"app/DadosBasePapeis.gs"
"1EVSMzEPsL1J4R3cflIRWJoXDEBfzpykf:10";"2026-06-03";"Capital Realty";"03.015.145/0001-54";"MEGA CENTRO LOGÍSTICO ESTEIO";"RS";"Material de consumo";"BASE PAPEIS";"BASE PAPEIS";"07.986.449/0001-10";"185903";"10";"800";"PAPEL HIG ROLO 8X300M LUXO - IPEL NATUREZA";"";"1";"75,95";"75,95";"";"0";"unitario_cotado";"true";"orcamento";"";"1EVSMzEPsL1J4R3cflIRWJoXDEBfzpykf";"CotacaoBasePapeis_185903";"https://drive.google.com/file/d/1EVSMzEPsL1J4R3cflIRWJoXDEBfzpykf/view";"app/DadosBasePapeis.gs"
"1EVSMzEPsL1J4R3cflIRWJoXDEBfzpykf:11";"2026-06-03";"Capital Realty";"03.015.145/0001-54";"MEGA CENTRO LOGÍSTICO ESTEIO";"RS";"Material de consumo";"BASE PAPEIS";"BASE PAPEIS";"07.986.449/0001-10";"185903";"11";"15289";"PAPEL INTERFOLHADO 20 X 20 1000F/20 - PENIPEL";"";"5";"19,95";"99,75";"";"0";"unitario_cotado";"true";"orcamento";"";"1EVSMzEPsL1J4R3cflIRWJoXDEBfzpykf";"CotacaoBasePapeis_185903";"https://drive.google.com/file/d/1EVSMzEPsL1J4R3cflIRWJoXDEBfzpykf/view";"app/DadosBasePapeis.gs"
"1EVSMzEPsL1J4R3cflIRWJoXDEBfzpykf:12";"2026-06-03";"Capital Realty";"03.015.145/0001-54";"MEGA CENTRO LOGÍSTICO ESTEIO";"RS";"Material de consumo";"BASE PAPEIS";"BASE PAPEIS";"07.986.449/0001-10";"185903";"12";"2037";"SABONETE ESPUMA REFIL 500ML COTTON HYDRAPLUS";"";"6";"14,95";"89,7";"";"0";"unitario_cotado";"true";"orcamento";"";"1EVSMzEPsL1J4R3cflIRWJoXDEBfzpykf";"CotacaoBasePapeis_185903";"https://drive.google.com/file/d/1EVSMzEPsL1J4R3cflIRWJoXDEBfzpykf/view";"app/DadosBasePapeis.gs"
"1EVSMzEPsL1J4R3cflIRWJoXDEBfzpykf:13";"2026-06-03";"Capital Realty";"03.015.145/0001-54";"MEGA CENTRO LOGÍSTICO ESTEIO";"RS";"Material de consumo";"BASE PAPEIS";"BASE PAPEIS";"07.986.449/0001-10";"185903";"13";"14674";"SACO LIXO 060 LT PRETO LEVE C/100 (8,0KG) - BASE LIX";"";"1";"24,9";"24,9";"";"0";"unitario_cotado";"true";"orcamento";"";"1EVSMzEPsL1J4R3cflIRWJoXDEBfzpykf";"CotacaoBasePapeis_185903";"https://drive.google.com/file/d/1EVSMzEPsL1J4R3cflIRWJoXDEBfzpykf/view";"app/DadosBasePapeis.gs"
"1EVSMzEPsL1J4R3cflIRWJoXDEBfzpykf:14";"2026-06-03";"Capital Realty";"03.015.145/0001-54";"MEGA CENTRO LOGÍSTICO ESTEIO";"RS";"Material de consumo";"BASE PAPEIS";"BASE PAPEIS";"07.986.449/0001-10";"185903";"14";"13726";"SACO LIXO 100 LT PRETO REFORCADO C/100 (24KG) - BASE ECOSUL";"";"1";"54";"54";"";"0";"unitario_cotado";"true";"orcamento";"";"1EVSMzEPsL1J4R3cflIRWJoXDEBfzpykf";"CotacaoBasePapeis_185903";"https://drive.google.com/file/d/1EVSMzEPsL1J4R3cflIRWJoXDEBfzpykf/view";"app/DadosBasePapeis.gs"
"1ETsvvpStTPid5Hv_xqQioC82ij5ub8Lh:1";"2026-03-10";"Capital Realty";"03.015.145/0001-54";"MEGA CENTRO LOGÍSTICO ITAJAÍ";"SC";"Material de manutenção";"Litoral";"ANDERSON AUGUSTO FRANCISCO & CIA LTDA";"10.222.490/0001-24";"055469";"1";"003868";"FITA VEDA ROSCA 25 MTS. PLASTIFLUOR cod.5681";"un";"5";"7,62";"38,12";"15";"0,02";"unitario_cotado";"false";"orcamento";"1";"1ETsvvpStTPid5Hv_xqQioC82ij5ub8Lh";"Orç Litoral - 1.110,16.pdf";"https://drive.google.com/file/d/1ETsvvpStTPid5Hv_xqQioC82ij5ub8Lh/view";"app/DadosLitoral.gs"
"1ETsvvpStTPid5Hv_xqQioC82ij5ub8Lh:2";"2026-03-10";"Capital Realty";"03.015.145/0001-54";"MEGA CENTRO LOGÍSTICO ITAJAÍ";"SC";"Material de manutenção";"Litoral";"ANDERSON AUGUSTO FRANCISCO & CIA LTDA";"10.222.490/0001-24";"055469";"2";"003796";"FITA ISOLANTE PRETA 20 MTS. THOMPSON cod.5348";"un";"5";"9,97";"49,85";"15";"0";"unitario_cotado";"false";"orcamento";"1";"1ETsvvpStTPid5Hv_xqQioC82ij5ub8Lh";"Orç Litoral - 1.110,16.pdf";"https://drive.google.com/file/d/1ETsvvpStTPid5Hv_xqQioC82ij5ub8Lh/view";"app/DadosLitoral.gs"
"1ETsvvpStTPid5Hv_xqQioC82ij5ub8Lh:3";"2026-03-10";"Capital Realty";"03.015.145/0001-54";"MEGA CENTRO LOGÍSTICO ITAJAÍ";"SC";"Material de manutenção";"Litoral";"ANDERSON AUGUSTO FRANCISCO & CIA LTDA";"10.222.490/0001-24";"055469";"3";"000498";"FITA ZEBRADA 70 MM X 100 MTS. PLASTICOR cod.3690";"un";"5";"17,3";"86,49";"15";"-0,01";"unitario_cotado";"false";"orcamento";"1";"1ETsvvpStTPid5Hv_xqQioC82ij5ub8Lh";"Orç Litoral - 1.110,16.pdf";"https://drive.google.com/file/d/1ETsvvpStTPid5Hv_xqQioC82ij5ub8Lh/view";"app/DadosLitoral.gs"
"1ETsvvpStTPid5Hv_xqQioC82ij5ub8Lh:4";"2026-03-10";"Capital Realty";"03.015.145/0001-54";"MEGA CENTRO LOGÍSTICO ITAJAÍ";"SC";"Material de manutenção";"Litoral";"ANDERSON AUGUSTO FRANCISCO & CIA LTDA";"10.222.490/0001-24";"055469";"4";"004985";"LUVA PEDREIRO POLIESTER PRETA TATIL HANDEX c.13720";"un";"5";"6,28";"31,41";"15";"0,01";"unitario_cotado";"false";"orcamento";"1";"1ETsvvpStTPid5Hv_xqQioC82ij5ub8Lh";"Orç Litoral - 1.110,16.pdf";"https://drive.google.com/file/d/1ETsvvpStTPid5Hv_xqQioC82ij5ub8Lh/view";"app/DadosLitoral.gs"
"1ETsvvpStTPid5Hv_xqQioC82ij5ub8Lh:5";"2026-03-10";"Capital Realty";"03.015.145/0001-54";"MEGA CENTRO LOGÍSTICO ITAJAÍ";"SC";"Material de manutenção";"Litoral";"ANDERSON AUGUSTO FRANCISCO & CIA LTDA";"10.222.490/0001-24";"055469";"5";"002560";"LUVA PEDREIRO MALHA PIGMENT PRETA FERTAK c.7319";"un";"5";"5,08";"25,42";"15";"0,02";"unitario_cotado";"false";"orcamento";"1";"1ETsvvpStTPid5Hv_xqQioC82ij5ub8Lh";"Orç Litoral - 1.110,16.pdf";"https://drive.google.com/file/d/1ETsvvpStTPid5Hv_xqQioC82ij5ub8Lh/view";"app/DadosLitoral.gs"
"1ETsvvpStTPid5Hv_xqQioC82ij5ub8Lh:6";"2026-03-10";"Capital Realty";"03.015.145/0001-54";"MEGA CENTRO LOGÍSTICO ITAJAÍ";"SC";"Material de manutenção";"Litoral";"ANDERSON AUGUSTO FRANCISCO & CIA LTDA";"10.222.490/0001-24";"055469";"6";"001641";"MASSA ACRILICA     5,0 KG FLEXCOLLOR cod.10377";"un";"1";"50,8";"50,8";"15";"0";"unitario_cotado";"false";"orcamento";"1";"1ETsvvpStTPid5Hv_xqQioC82ij5ub8Lh";"Orç Litoral - 1.110,16.pdf";"https://drive.google.com/file/d/1ETsvvpStTPid5Hv_xqQioC82ij5ub8Lh/view";"app/DadosLitoral.gs"
"1ETsvvpStTPid5Hv_xqQioC82ij5ub8Lh:7";"2026-03-10";"Capital Realty";"03.015.145/0001-54";"MEGA CENTRO LOGÍSTICO ITAJAÍ";"SC";"Material de manutenção";"Litoral";"ANDERSON AUGUSTO FRANCISCO & CIA LTDA";"10.222.490/0001-24";"055469";"7";"000016";"PINCEL CERDA CINZA 2 1/2"" ATLAS cod.1072";"un";"5";"11,07";"55,34";"15";"-0,01";"unitario_cotado";"false";"orcamento";"1";"1ETsvvpStTPid5Hv_xqQioC82ij5ub8Lh";"Orç Litoral - 1.110,16.pdf";"https://drive.google.com/file/d/1ETsvvpStTPid5Hv_xqQioC82ij5ub8Lh/view";"app/DadosLitoral.gs"
"1ETsvvpStTPid5Hv_xqQioC82ij5ub8Lh:8";"2026-03-10";"Capital Realty";"03.015.145/0001-54";"MEGA CENTRO LOGÍSTICO ITAJAÍ";"SC";"Material de manutenção";"Litoral";"ANDERSON AUGUSTO FRANCISCO & CIA LTDA";"10.222.490/0001-24";"055469";"8";"000942";"LUVA LATEX (10 ) DELTA PLUS  cod.2272";"un";"3";"8,82";"26,47";"15";"0,01";"unitario_cotado";"false";"orcamento";"1";"1ETsvvpStTPid5Hv_xqQioC82ij5ub8Lh";"Orç Litoral - 1.110,16.pdf";"https://drive.google.com/file/d/1ETsvvpStTPid5Hv_xqQioC82ij5ub8Lh/view";"app/DadosLitoral.gs"
"1ETsvvpStTPid5Hv_xqQioC82ij5ub8Lh:9";"2026-03-10";"Capital Realty";"03.015.145/0001-54";"MEGA CENTRO LOGÍSTICO ITAJAÍ";"SC";"Material de manutenção";"Litoral";"ANDERSON AUGUSTO FRANCISCO & CIA LTDA";"10.222.490/0001-24";"055469";"9";"004452";"ESTOPA DE PANO ""pacote"" 1 kg cod.2112";"un";"10";"9,55";"95,46";"15";"-0,04";"unitario_cotado";"false";"orcamento";"1";"1ETsvvpStTPid5Hv_xqQioC82ij5ub8Lh";"Orç Litoral - 1.110,16.pdf";"https://drive.google.com/file/d/1ETsvvpStTPid5Hv_xqQioC82ij5ub8Lh/view";"app/DadosLitoral.gs"
"1ETsvvpStTPid5Hv_xqQioC82ij5ub8Lh:10";"2026-03-10";"Capital Realty";"03.015.145/0001-54";"MEGA CENTRO LOGÍSTICO ITAJAÍ";"SC";"Material de manutenção";"Litoral";"ANDERSON AUGUSTO FRANCISCO & CIA LTDA";"10.222.490/0001-24";"055469";"10";"004147";"COLA INSTANTANEA SUPER BONDER 100,0 GR cod.";"un";"1";"46,48";"46,48";"15";"0";"unitario_cotado";"false";"orcamento";"1";"1ETsvvpStTPid5Hv_xqQioC82ij5ub8Lh";"Orç Litoral - 1.110,16.pdf";"https://drive.google.com/file/d/1ETsvvpStTPid5Hv_xqQioC82ij5ub8Lh/view";"app/DadosLitoral.gs"
"1ETsvvpStTPid5Hv_xqQioC82ij5ub8Lh:11";"2026-03-10";"Capital Realty";"03.015.145/0001-54";"MEGA CENTRO LOGÍSTICO ITAJAÍ";"SC";"Material de manutenção";"Litoral";"ANDERSON AUGUSTO FRANCISCO & CIA LTDA";"10.222.490/0001-24";"055469";"11";"001920";"TINTA SPRAY 360 ML AZUL COL BRILH. COLORGIN c1546";"un";"2";"20,53";"41,06";"15";"0";"unitario_cotado";"false";"orcamento";"1";"1ETsvvpStTPid5Hv_xqQioC82ij5ub8Lh";"Orç Litoral - 1.110,16.pdf";"https://drive.google.com/file/d/1ETsvvpStTPid5Hv_xqQioC82ij5ub8Lh/view";"app/DadosLitoral.gs"
"1ETsvvpStTPid5Hv_xqQioC82ij5ub8Lh:12";"2026-03-10";"Capital Realty";"03.015.145/0001-54";"MEGA CENTRO LOGÍSTICO ITAJAÍ";"SC";"Material de manutenção";"Litoral";"ANDERSON AUGUSTO FRANCISCO & CIA LTDA";"10.222.490/0001-24";"055469";"12";"004721";"TRENA 05,0 MTS AUTO TRAVA ARGACON";"un";"1";"24,45";"24,45";"15";"0";"unitario_cotado";"false";"orcamento";"1";"1ETsvvpStTPid5Hv_xqQioC82ij5ub8Lh";"Orç Litoral - 1.110,16.pdf";"https://drive.google.com/file/d/1ETsvvpStTPid5Hv_xqQioC82ij5ub8Lh/view";"app/DadosLitoral.gs"
"1ETsvvpStTPid5Hv_xqQioC82ij5ub8Lh:13";"2026-03-10";"Capital Realty";"03.015.145/0001-54";"MEGA CENTRO LOGÍSTICO ITAJAÍ";"SC";"Material de manutenção";"Litoral";"ANDERSON AUGUSTO FRANCISCO & CIA LTDA";"10.222.490/0001-24";"055469";"13";"007455";"VASSOURA DOMESTICA BELL C/CABO BRUBALAR 15923";"un";"2";"19,62";"39,24";"15";"0";"unitario_cotado";"false";"orcamento";"1";"1ETsvvpStTPid5Hv_xqQioC82ij5ub8Lh";"Orç Litoral - 1.110,16.pdf";"https://drive.google.com/file/d/1ETsvvpStTPid5Hv_xqQioC82ij5ub8Lh/view";"app/DadosLitoral.gs"
"1ETsvvpStTPid5Hv_xqQioC82ij5ub8Lh:14";"2026-03-10";"Capital Realty";"03.015.145/0001-54";"MEGA CENTRO LOGÍSTICO ITAJAÍ";"SC";"Material de manutenção";"Litoral";"ANDERSON AUGUSTO FRANCISCO & CIA LTDA";"10.222.490/0001-24";"055469";"14";"002335";"OLEO LUBRIFICANTE WD-40 C/ 300 ML cod.2304";"un";"2";"56,67";"113,34";"15";"0";"unitario_cotado";"false";"orcamento";"1";"1ETsvvpStTPid5Hv_xqQioC82ij5ub8Lh";"Orç Litoral - 1.110,16.pdf";"https://drive.google.com/file/d/1ETsvvpStTPid5Hv_xqQioC82ij5ub8Lh/view";"app/DadosLitoral.gs"
"1ETsvvpStTPid5Hv_xqQioC82ij5ub8Lh:15";"2026-03-10";"Capital Realty";"03.015.145/0001-54";"MEGA CENTRO LOGÍSTICO ITAJAÍ";"SC";"Material de manutenção";"Litoral";"ANDERSON AUGUSTO FRANCISCO & CIA LTDA";"10.222.490/0001-24";"055469";"15";"000888";"SIFAO PVC ""1,50 CM"" BLUKIT BRANCO 30129-412";"un";"5";"16,52";"82,62";"15";"0,02";"unitario_cotado";"false";"orcamento";"1";"1ETsvvpStTPid5Hv_xqQioC82ij5ub8Lh";"Orç Litoral - 1.110,16.pdf";"https://drive.google.com/file/d/1ETsvvpStTPid5Hv_xqQioC82ij5ub8Lh/view";"app/DadosLitoral.gs"
"1ETsvvpStTPid5Hv_xqQioC82ij5ub8Lh:16";"2026-03-10";"Capital Realty";"03.015.145/0001-54";"MEGA CENTRO LOGÍSTICO ITAJAÍ";"SC";"Material de manutenção";"Litoral";"ANDERSON AUGUSTO FRANCISCO & CIA LTDA";"10.222.490/0001-24";"055469";"16";"005467";"RESISTENCIA PRATIMIX 7700W DUCHA ND 7684";"un";"10";"26,46";"264,6";"15";"0";"unitario_cotado";"false";"orcamento";"1";"1ETsvvpStTPid5Hv_xqQioC82ij5ub8Lh";"Orç Litoral - 1.110,16.pdf";"https://drive.google.com/file/d/1ETsvvpStTPid5Hv_xqQioC82ij5ub8Lh/view";"app/DadosLitoral.gs"
"1ETsvvpStTPid5Hv_xqQioC82ij5ub8Lh:17";"2026-03-10";"Capital Realty";"03.015.145/0001-54";"MEGA CENTRO LOGÍSTICO ITAJAÍ";"SC";"Material de manutenção";"Litoral";"ANDERSON AUGUSTO FRANCISCO & CIA LTDA";"10.222.490/0001-24";"055469";"17";"000773";"CIMENTO 50 KG VOTORAN (PROMOCAO)""TODAS OBRAS CP4""";"sc";"1";"39,01";"39,01";"15";"0";"unitario_cotado";"false";"orcamento";"1";"1ETsvvpStTPid5Hv_xqQioC82ij5ub8Lh";"Orç Litoral - 1.110,16.pdf";"https://drive.google.com/file/d/1ETsvvpStTPid5Hv_xqQioC82ij5ub8Lh/view";"app/DadosLitoral.gs"
"1n5ogbYLhHQxFOcMMpmgCnTJ1tXmFyGWC:1";"2026-03-27";"Capital Realty";"03.015.145/0001-54";"MEGA CENTRO LOGÍSTICO ITAJAÍ";"SC";"Material de manutenção";"Litoral";"ANDERSON AUGUSTO FRANCISCO & CIA LTDA";"10.222.490/0001-24";"055791";"1";"001305";"RESISTENCIA LORENZETTI ULTRA 5500 3T c.20168";"un";"5";"43,85";"219,26";"15";"0,01";"unitario_cotado";"false";"orcamento";"1";"1n5ogbYLhHQxFOcMMpmgCnTJ1tXmFyGWC";"Orç Litoral - 987,26 RV01.pdf";"https://drive.google.com/file/d/1n5ogbYLhHQxFOcMMpmgCnTJ1tXmFyGWC/view";"app/DadosLitoral.gs"
"1n5ogbYLhHQxFOcMMpmgCnTJ1tXmFyGWC:2";"2026-03-27";"Capital Realty";"03.015.145/0001-54";"MEGA CENTRO LOGÍSTICO ITAJAÍ";"SC";"Material de manutenção";"Litoral";"ANDERSON AUGUSTO FRANCISCO & CIA LTDA";"10.222.490/0001-24";"055791";"2";"005131";"BROCA VIDEA 10,0 MM IRWIN IW910";"un";"1";"25,87";"25,87";"15";"0";"unitario_cotado";"false";"orcamento";"1";"1n5ogbYLhHQxFOcMMpmgCnTJ1tXmFyGWC";"Orç Litoral - 987,26 RV01.pdf";"https://drive.google.com/file/d/1n5ogbYLhHQxFOcMMpmgCnTJ1tXmFyGWC/view";"app/DadosLitoral.gs"
"1n5ogbYLhHQxFOcMMpmgCnTJ1tXmFyGWC:3";"2026-03-27";"Capital Realty";"03.015.145/0001-54";"MEGA CENTRO LOGÍSTICO ITAJAÍ";"SC";"Material de manutenção";"Litoral";"ANDERSON AUGUSTO FRANCISCO & CIA LTDA";"10.222.490/0001-24";"055791";"3";"005130";"BROCA VIDEA 08,0 MM IRWIN IW907";"un";"1";"18,6";"18,6";"15";"0";"unitario_cotado";"false";"orcamento";"1";"1n5ogbYLhHQxFOcMMpmgCnTJ1tXmFyGWC";"Orç Litoral - 987,26 RV01.pdf";"https://drive.google.com/file/d/1n5ogbYLhHQxFOcMMpmgCnTJ1tXmFyGWC/view";"app/DadosLitoral.gs"
"1n5ogbYLhHQxFOcMMpmgCnTJ1tXmFyGWC:4";"2026-03-27";"Capital Realty";"03.015.145/0001-54";"MEGA CENTRO LOGÍSTICO ITAJAÍ";"SC";"Material de manutenção";"Litoral";"ANDERSON AUGUSTO FRANCISCO & CIA LTDA";"10.222.490/0001-24";"055791";"4";"005125";"BROCA ACO RAP 03,0 MM IRWIN IW1222";"un";"1";"8,66";"8,66";"15";"0";"unitario_cotado";"false";"orcamento";"1";"1n5ogbYLhHQxFOcMMpmgCnTJ1tXmFyGWC";"Orç Litoral - 987,26 RV01.pdf";"https://drive.google.com/file/d/1n5ogbYLhHQxFOcMMpmgCnTJ1tXmFyGWC/view";"app/DadosLitoral.gs"
"1n5ogbYLhHQxFOcMMpmgCnTJ1tXmFyGWC:5";"2026-03-27";"Capital Realty";"03.015.145/0001-54";"MEGA CENTRO LOGÍSTICO ITAJAÍ";"SC";"Material de manutenção";"Litoral";"ANDERSON AUGUSTO FRANCISCO & CIA LTDA";"10.222.490/0001-24";"055791";"5";"000764";"BROCA ACO RAP 06,0 MM IRWIN IW1258";"un";"1";"13,17";"13,17";"15";"0";"unitario_cotado";"false";"orcamento";"1";"1n5ogbYLhHQxFOcMMpmgCnTJ1tXmFyGWC";"Orç Litoral - 987,26 RV01.pdf";"https://drive.google.com/file/d/1n5ogbYLhHQxFOcMMpmgCnTJ1tXmFyGWC/view";"app/DadosLitoral.gs"
"1n5ogbYLhHQxFOcMMpmgCnTJ1tXmFyGWC:6";"2026-03-27";"Capital Realty";"03.015.145/0001-54";"MEGA CENTRO LOGÍSTICO ITAJAÍ";"SC";"Material de manutenção";"Litoral";"ANDERSON AUGUSTO FRANCISCO & CIA LTDA";"10.222.490/0001-24";"055791";"6";"000768";"BROCA ACO RAP 08,0 MM IRWIN cod.6548";"un";"1";"23,66";"23,66";"15";"0";"unitario_cotado";"false";"orcamento";"1";"1n5ogbYLhHQxFOcMMpmgCnTJ1tXmFyGWC";"Orç Litoral - 987,26 RV01.pdf";"https://drive.google.com/file/d/1n5ogbYLhHQxFOcMMpmgCnTJ1tXmFyGWC/view";"app/DadosLitoral.gs"
"1n5ogbYLhHQxFOcMMpmgCnTJ1tXmFyGWC:7";"2026-03-27";"Capital Realty";"03.015.145/0001-54";"MEGA CENTRO LOGÍSTICO ITAJAÍ";"SC";"Material de manutenção";"Litoral";"ANDERSON AUGUSTO FRANCISCO & CIA LTDA";"10.222.490/0001-24";"055791";"7";"005127";"BROCA ACO RAP 10,0 MM IRWIN cod.6820";"un";"1";"40,45";"40,45";"15";"0";"unitario_cotado";"false";"orcamento";"1";"1n5ogbYLhHQxFOcMMpmgCnTJ1tXmFyGWC";"Orç Litoral - 987,26 RV01.pdf";"https://drive.google.com/file/d/1n5ogbYLhHQxFOcMMpmgCnTJ1tXmFyGWC/view";"app/DadosLitoral.gs"
"1n5ogbYLhHQxFOcMMpmgCnTJ1tXmFyGWC:8";"2026-03-27";"Capital Realty";"03.015.145/0001-54";"MEGA CENTRO LOGÍSTICO ITAJAÍ";"SC";"Material de manutenção";"Litoral";"ANDERSON AUGUSTO FRANCISCO & CIA LTDA";"10.222.490/0001-24";"055791";"8";"005688";"DISCO CORTE P/FERRO (INOX) 4""X1,0MM HEAVY D. 13289";"un";"5";"3";"15";"15";"0";"unitario_cotado";"false";"orcamento";"1";"1n5ogbYLhHQxFOcMMpmgCnTJ1tXmFyGWC";"Orç Litoral - 987,26 RV01.pdf";"https://drive.google.com/file/d/1n5ogbYLhHQxFOcMMpmgCnTJ1tXmFyGWC/view";"app/DadosLitoral.gs"
"1n5ogbYLhHQxFOcMMpmgCnTJ1tXmFyGWC:9";"2026-03-27";"Capital Realty";"03.015.145/0001-54";"MEGA CENTRO LOGÍSTICO ITAJAÍ";"SC";"Material de manutenção";"Litoral";"ANDERSON AUGUSTO FRANCISCO & CIA LTDA";"10.222.490/0001-24";"055791";"9";"005558";"CLORO P/PISCINA 200 GR TABLETE cod.8451";"pç";"15";"13,57";"203,62";"15";"0,07";"unitario_cotado";"false";"orcamento";"1";"1n5ogbYLhHQxFOcMMpmgCnTJ1tXmFyGWC";"Orç Litoral - 987,26 RV01.pdf";"https://drive.google.com/file/d/1n5ogbYLhHQxFOcMMpmgCnTJ1tXmFyGWC/view";"app/DadosLitoral.gs"
"1n5ogbYLhHQxFOcMMpmgCnTJ1tXmFyGWC:10";"2026-03-27";"Capital Realty";"03.015.145/0001-54";"MEGA CENTRO LOGÍSTICO ITAJAÍ";"SC";"Material de manutenção";"Litoral";"ANDERSON AUGUSTO FRANCISCO & CIA LTDA";"10.222.490/0001-24";"055791";"10";"003633";"HASTE P/CHUVEIRO 40 CM ALUMINIO RELI cod.4182";"un";"8";"18,96";"151,71";"15";"0,03";"unitario_cotado";"false";"orcamento";"1";"1n5ogbYLhHQxFOcMMpmgCnTJ1tXmFyGWC";"Orç Litoral - 987,26 RV01.pdf";"https://drive.google.com/file/d/1n5ogbYLhHQxFOcMMpmgCnTJ1tXmFyGWC/view";"app/DadosLitoral.gs"
"1n5ogbYLhHQxFOcMMpmgCnTJ1tXmFyGWC:11";"2026-03-27";"Capital Realty";"03.015.145/0001-54";"MEGA CENTRO LOGÍSTICO ITAJAÍ";"SC";"Material de manutenção";"Litoral";"ANDERSON AUGUSTO FRANCISCO & CIA LTDA";"10.222.490/0001-24";"055791";"11";"005591";"BICO ENGATE RAPIDO PVC TRAMONTINA cod.2237";"un";"3";"5,68";"17,03";"15";"-0,01";"unitario_cotado";"false";"orcamento";"1";"1n5ogbYLhHQxFOcMMpmgCnTJ1tXmFyGWC";"Orç Litoral - 987,26 RV01.pdf";"https://drive.google.com/file/d/1n5ogbYLhHQxFOcMMpmgCnTJ1tXmFyGWC/view";"app/DadosLitoral.gs"
"1n5ogbYLhHQxFOcMMpmgCnTJ1tXmFyGWC:12";"2026-03-27";"Capital Realty";"03.015.145/0001-54";"MEGA CENTRO LOGÍSTICO ITAJAÍ";"SC";"Material de manutenção";"Litoral";"ANDERSON AUGUSTO FRANCISCO & CIA LTDA";"10.222.490/0001-24";"055791";"12";"005035";"VALVULA METAL C/PVC P/PIA COZ 3 1/2"" PADOVA 9204";"pç";"3";"22,15";"66,45";"15";"0";"unitario_cotado";"false";"orcamento";"1";"1n5ogbYLhHQxFOcMMpmgCnTJ1tXmFyGWC";"Orç Litoral - 987,26 RV01.pdf";"https://drive.google.com/file/d/1n5ogbYLhHQxFOcMMpmgCnTJ1tXmFyGWC/view";"app/DadosLitoral.gs"
"1n5ogbYLhHQxFOcMMpmgCnTJ1tXmFyGWC:13";"2026-03-27";"Capital Realty";"03.015.145/0001-54";"MEGA CENTRO LOGÍSTICO ITAJAÍ";"SC";"Material de manutenção";"Litoral";"ANDERSON AUGUSTO FRANCISCO & CIA LTDA";"10.222.490/0001-24";"055791";"13";"001758";"EXTENSAO PVC     20 MM 1/2"" P/TORN HERC 2800";"un";"5";"8,21";"41,06";"15";"0,01";"unitario_cotado";"false";"orcamento";"1";"1n5ogbYLhHQxFOcMMpmgCnTJ1tXmFyGWC";"Orç Litoral - 987,26 RV01.pdf";"https://drive.google.com/file/d/1n5ogbYLhHQxFOcMMpmgCnTJ1tXmFyGWC/view";"app/DadosLitoral.gs"
"1n5ogbYLhHQxFOcMMpmgCnTJ1tXmFyGWC:14";"2026-03-27";"Capital Realty";"03.015.145/0001-54";"MEGA CENTRO LOGÍSTICO ITAJAÍ";"SC";"Material de manutenção";"Litoral";"ANDERSON AUGUSTO FRANCISCO & CIA LTDA";"10.222.490/0001-24";"055791";"14";"004976";"EXTENSAO PVC     40 MM 1/2"" P/TORN HERC 2801";"un";"5";"11,02";"55,12";"15";"0,02";"unitario_cotado";"false";"orcamento";"1";"1n5ogbYLhHQxFOcMMpmgCnTJ1tXmFyGWC";"Orç Litoral - 987,26 RV01.pdf";"https://drive.google.com/file/d/1n5ogbYLhHQxFOcMMpmgCnTJ1tXmFyGWC/view";"app/DadosLitoral.gs"
"1n5ogbYLhHQxFOcMMpmgCnTJ1tXmFyGWC:15";"2026-03-27";"Capital Realty";"03.015.145/0001-54";"MEGA CENTRO LOGÍSTICO ITAJAÍ";"SC";"Material de manutenção";"Litoral";"ANDERSON AUGUSTO FRANCISCO & CIA LTDA";"10.222.490/0001-24";"055791";"15";"001644";"TINTA SPRAY 360 ML BRANCO BRILHANTE COLORGIN 1547";"un";"1";"21,65";"21,65";"15";"0";"unitario_cotado";"false";"orcamento";"1";"1n5ogbYLhHQxFOcMMpmgCnTJ1tXmFyGWC";"Orç Litoral - 987,26 RV01.pdf";"https://drive.google.com/file/d/1n5ogbYLhHQxFOcMMpmgCnTJ1tXmFyGWC/view";"app/DadosLitoral.gs"
"1n5ogbYLhHQxFOcMMpmgCnTJ1tXmFyGWC:16";"2026-03-27";"Capital Realty";"03.015.145/0001-54";"MEGA CENTRO LOGÍSTICO ITAJAÍ";"SC";"Material de manutenção";"Litoral";"ANDERSON AUGUSTO FRANCISCO & CIA LTDA";"10.222.490/0001-24";"055791";"16";"001920";"TINTA SPRAY 360 ML AZUL COL BRILH. COLORGIN c1546";"un";"1";"20,53";"20,53";"15";"0";"unitario_cotado";"false";"orcamento";"1";"1n5ogbYLhHQxFOcMMpmgCnTJ1tXmFyGWC";"Orç Litoral - 987,26 RV01.pdf";"https://drive.google.com/file/d/1n5ogbYLhHQxFOcMMpmgCnTJ1tXmFyGWC/view";"app/DadosLitoral.gs"
"1n5ogbYLhHQxFOcMMpmgCnTJ1tXmFyGWC:17";"2026-03-27";"Capital Realty";"03.015.145/0001-54";"MEGA CENTRO LOGÍSTICO ITAJAÍ";"SC";"Material de manutenção";"Litoral";"ANDERSON AUGUSTO FRANCISCO & CIA LTDA";"10.222.490/0001-24";"055791";"17";"007913";"TINTA SPRAY 360 ML VERDE COLORGIN c.6658";"un";"1";"21,42";"21,42";"15";"0";"unitario_cotado";"false";"orcamento";"1";"1n5ogbYLhHQxFOcMMpmgCnTJ1tXmFyGWC";"Orç Litoral - 987,26 RV01.pdf";"https://drive.google.com/file/d/1n5ogbYLhHQxFOcMMpmgCnTJ1tXmFyGWC/view";"app/DadosLitoral.gs"
"1n5ogbYLhHQxFOcMMpmgCnTJ1tXmFyGWC:18";"2026-03-27";"Capital Realty";"03.015.145/0001-54";"MEGA CENTRO LOGÍSTICO ITAJAÍ";"SC";"Material de manutenção";"Litoral";"ANDERSON AUGUSTO FRANCISCO & CIA LTDA";"10.222.490/0001-24";"055791";"18";"002018";"TINTA SPRAY 360 ML PRETO BRILH. COLORGIN c.1552";"un";"1";"24";"24";"15";"0";"unitario_cotado";"false";"orcamento";"1";"1n5ogbYLhHQxFOcMMpmgCnTJ1tXmFyGWC";"Orç Litoral - 987,26 RV01.pdf";"https://drive.google.com/file/d/1n5ogbYLhHQxFOcMMpmgCnTJ1tXmFyGWC/view";"app/DadosLitoral.gs"
"1FAuAX7biqwxP40b-eJ8kD1i3MbuLtZOZ:1";"2026-06-03";"Capital Realty";"03.015.145/0001-54";"MEGA CENTRO LOGÍSTICO ITAJAÍ";"SC";"Material de manutenção";"Litoral";"ANDERSON AUGUSTO FRANCISCO & CIA LTDA";"10.222.490/0001-24";"056768";"1";"005558";"CLORO P/PISCINA 200 GR TABLETE cod.8451";"pç";"15";"13,57";"203,62";"15";"0,07";"unitario_cotado";"false";"orcamento";"1";"1FAuAX7biqwxP40b-eJ8kD1i3MbuLtZOZ";"Orç Litoral - 936,84.pdf";"https://drive.google.com/file/d/1FAuAX7biqwxP40b-eJ8kD1i3MbuLtZOZ/view";"app/DadosLitoral.gs"
"1FAuAX7biqwxP40b-eJ8kD1i3MbuLtZOZ:2";"2026-06-03";"Capital Realty";"03.015.145/0001-54";"MEGA CENTRO LOGÍSTICO ITAJAÍ";"SC";"Material de manutenção";"Litoral";"ANDERSON AUGUSTO FRANCISCO & CIA LTDA";"10.222.490/0001-24";"056768";"2";"002560";"LUVA PEDREIRO MALHA PIGMENT PRETA FERTAK c.7319";"un";"3";"4,54";"13,62";"15";"0";"unitario_cotado";"false";"orcamento";"1";"1FAuAX7biqwxP40b-eJ8kD1i3MbuLtZOZ";"Orç Litoral - 936,84.pdf";"https://drive.google.com/file/d/1FAuAX7biqwxP40b-eJ8kD1i3MbuLtZOZ/view";"app/DadosLitoral.gs"
"1FAuAX7biqwxP40b-eJ8kD1i3MbuLtZOZ:3";"2026-06-03";"Capital Realty";"03.015.145/0001-54";"MEGA CENTRO LOGÍSTICO ITAJAÍ";"SC";"Material de manutenção";"Litoral";"ANDERSON AUGUSTO FRANCISCO & CIA LTDA";"10.222.490/0001-24";"056768";"3";"004985";"LUVA PEDREIRO POLIESTER PRETA TATIL HANDEX c.13720";"un";"3";"6,28";"18,84";"15";"0";"unitario_cotado";"false";"orcamento";"1";"1FAuAX7biqwxP40b-eJ8kD1i3MbuLtZOZ";"Orç Litoral - 936,84.pdf";"https://drive.google.com/file/d/1FAuAX7biqwxP40b-eJ8kD1i3MbuLtZOZ/view";"app/DadosLitoral.gs"
"1FAuAX7biqwxP40b-eJ8kD1i3MbuLtZOZ:4";"2026-06-03";"Capital Realty";"03.015.145/0001-54";"MEGA CENTRO LOGÍSTICO ITAJAÍ";"SC";"Material de manutenção";"Litoral";"ANDERSON AUGUSTO FRANCISCO & CIA LTDA";"10.222.490/0001-24";"056768";"4";"008437";"ABRACADEIRA NYLON BRANCA 280X3,6 C/100 c.5019";"pc";"1";"18,89";"18,89";"15";"0";"unitario_cotado";"false";"orcamento";"1";"1FAuAX7biqwxP40b-eJ8kD1i3MbuLtZOZ";"Orç Litoral - 936,84.pdf";"https://drive.google.com/file/d/1FAuAX7biqwxP40b-eJ8kD1i3MbuLtZOZ/view";"app/DadosLitoral.gs"
"1FAuAX7biqwxP40b-eJ8kD1i3MbuLtZOZ:5";"2026-06-03";"Capital Realty";"03.015.145/0001-54";"MEGA CENTRO LOGÍSTICO ITAJAÍ";"SC";"Material de manutenção";"Litoral";"ANDERSON AUGUSTO FRANCISCO & CIA LTDA";"10.222.490/0001-24";"056768";"5";"003796";"FITA ISOLANTE PRETA 20 MTS. THOMPSON cod.5348";"un";"2";"9,97";"19,94";"15";"0";"unitario_cotado";"false";"orcamento";"1";"1FAuAX7biqwxP40b-eJ8kD1i3MbuLtZOZ";"Orç Litoral - 936,84.pdf";"https://drive.google.com/file/d/1FAuAX7biqwxP40b-eJ8kD1i3MbuLtZOZ/view";"app/DadosLitoral.gs"
"1FAuAX7biqwxP40b-eJ8kD1i3MbuLtZOZ:6";"2026-06-03";"Capital Realty";"03.015.145/0001-54";"MEGA CENTRO LOGÍSTICO ITAJAÍ";"SC";"Material de manutenção";"Litoral";"ANDERSON AUGUSTO FRANCISCO & CIA LTDA";"10.222.490/0001-24";"056768";"6";"000498";"FITA ZEBRADA 70 MM X 100 MTS. PLASTICOR cod.3690";"un";"3";"17,3";"51,89";"15";"-0,01";"unitario_cotado";"false";"orcamento";"1";"1FAuAX7biqwxP40b-eJ8kD1i3MbuLtZOZ";"Orç Litoral - 936,84.pdf";"https://drive.google.com/file/d/1FAuAX7biqwxP40b-eJ8kD1i3MbuLtZOZ/view";"app/DadosLitoral.gs"
"1FAuAX7biqwxP40b-eJ8kD1i3MbuLtZOZ:7";"2026-06-03";"Capital Realty";"03.015.145/0001-54";"MEGA CENTRO LOGÍSTICO ITAJAÍ";"SC";"Material de manutenção";"Litoral";"ANDERSON AUGUSTO FRANCISCO & CIA LTDA";"10.222.490/0001-24";"056768";"7";"002140";"OCULOS PROTECAO AMPLA VISAO com valvula cod.1206";"un";"2";"32,63";"65,26";"15";"0";"unitario_cotado";"false";"orcamento";"1";"1FAuAX7biqwxP40b-eJ8kD1i3MbuLtZOZ";"Orç Litoral - 936,84.pdf";"https://drive.google.com/file/d/1FAuAX7biqwxP40b-eJ8kD1i3MbuLtZOZ/view";"app/DadosLitoral.gs"
"1FAuAX7biqwxP40b-eJ8kD1i3MbuLtZOZ:8";"2026-06-03";"Capital Realty";"03.015.145/0001-54";"MEGA CENTRO LOGÍSTICO ITAJAÍ";"SC";"Material de manutenção";"Litoral";"ANDERSON AUGUSTO FRANCISCO & CIA LTDA";"10.222.490/0001-24";"056768";"8";"008520";"VASSOURA DOMESTICA USO INTERNO ROMA 16523";"un";"1";"23,81";"23,81";"15";"0";"unitario_cotado";"false";"orcamento";"1";"1FAuAX7biqwxP40b-eJ8kD1i3MbuLtZOZ";"Orç Litoral - 936,84.pdf";"https://drive.google.com/file/d/1FAuAX7biqwxP40b-eJ8kD1i3MbuLtZOZ/view";"app/DadosLitoral.gs"
"1FAuAX7biqwxP40b-eJ8kD1i3MbuLtZOZ:9";"2026-06-03";"Capital Realty";"03.015.145/0001-54";"MEGA CENTRO LOGÍSTICO ITAJAÍ";"SC";"Material de manutenção";"Litoral";"ANDERSON AUGUSTO FRANCISCO & CIA LTDA";"10.222.490/0001-24";"056768";"9";"000256";"JOELHO ROSCAVEL 90 GRAU 3/4"" TIGRE (20)";"pç";"5";"5,08";"25,42";"15";"0,02";"unitario_cotado";"false";"orcamento";"1";"1FAuAX7biqwxP40b-eJ8kD1i3MbuLtZOZ";"Orç Litoral - 936,84.pdf";"https://drive.google.com/file/d/1FAuAX7biqwxP40b-eJ8kD1i3MbuLtZOZ/view";"app/DadosLitoral.gs"
"1FAuAX7biqwxP40b-eJ8kD1i3MbuLtZOZ:10";"2026-06-03";"Capital Realty";"03.015.145/0001-54";"MEGA CENTRO LOGÍSTICO ITAJAÍ";"SC";"Material de manutenção";"Litoral";"ANDERSON AUGUSTO FRANCISCO & CIA LTDA";"10.222.490/0001-24";"056768";"10";"000255";"JOELHO ROSCAVEL 90 GRAU 1/2"" KRONA cod.3585";"pç";"5";"3,94";"19,72";"15";"0,02";"unitario_cotado";"false";"orcamento";"1";"1FAuAX7biqwxP40b-eJ8kD1i3MbuLtZOZ";"Orç Litoral - 936,84.pdf";"https://drive.google.com/file/d/1FAuAX7biqwxP40b-eJ8kD1i3MbuLtZOZ/view";"app/DadosLitoral.gs"
"1FAuAX7biqwxP40b-eJ8kD1i3MbuLtZOZ:11";"2026-06-03";"Capital Realty";"03.015.145/0001-54";"MEGA CENTRO LOGÍSTICO ITAJAÍ";"SC";"Material de manutenção";"Litoral";"ANDERSON AUGUSTO FRANCISCO & CIA LTDA";"10.222.490/0001-24";"056768";"11";"000140";"LUVA ROSCAVEL  1/2"" KRONA cod.3588";"pç";"5";"2,19";"10,96";"15";"0,01";"unitario_cotado";"false";"orcamento";"1";"1FAuAX7biqwxP40b-eJ8kD1i3MbuLtZOZ";"Orç Litoral - 936,84.pdf";"https://drive.google.com/file/d/1FAuAX7biqwxP40b-eJ8kD1i3MbuLtZOZ/view";"app/DadosLitoral.gs"
"1FAuAX7biqwxP40b-eJ8kD1i3MbuLtZOZ:12";"2026-06-03";"Capital Realty";"03.015.145/0001-54";"MEGA CENTRO LOGÍSTICO ITAJAÍ";"SC";"Material de manutenção";"Litoral";"ANDERSON AUGUSTO FRANCISCO & CIA LTDA";"10.222.490/0001-24";"056768";"12";"000141";"LUVA ROSCAVEL  3/4"" KRONA";"pc";"5";"1,46";"7,31";"15";"0,01";"unitario_cotado";"false";"orcamento";"1";"1FAuAX7biqwxP40b-eJ8kD1i3MbuLtZOZ";"Orç Litoral - 936,84.pdf";"https://drive.google.com/file/d/1FAuAX7biqwxP40b-eJ8kD1i3MbuLtZOZ/view";"app/DadosLitoral.gs"
"1FAuAX7biqwxP40b-eJ8kD1i3MbuLtZOZ:13";"2026-06-03";"Capital Realty";"03.015.145/0001-54";"MEGA CENTRO LOGÍSTICO ITAJAÍ";"SC";"Material de manutenção";"Litoral";"ANDERSON AUGUSTO FRANCISCO & CIA LTDA";"10.222.490/0001-24";"056768";"13";"004111";"LIXA ROLO PAPEL GRAO 100 CARBORUNDUM cod.8385";"mt";"1";"7,27";"7,27";"15";"0";"unitario_cotado";"false";"orcamento";"1";"1FAuAX7biqwxP40b-eJ8kD1i3MbuLtZOZ";"Orç Litoral - 936,84.pdf";"https://drive.google.com/file/d/1FAuAX7biqwxP40b-eJ8kD1i3MbuLtZOZ/view";"app/DadosLitoral.gs"
"1FAuAX7biqwxP40b-eJ8kD1i3MbuLtZOZ:14";"2026-06-03";"Capital Realty";"03.015.145/0001-54";"MEGA CENTRO LOGÍSTICO ITAJAÍ";"SC";"Material de manutenção";"Litoral";"ANDERSON AUGUSTO FRANCISCO & CIA LTDA";"10.222.490/0001-24";"056768";"14";"001410";"CORRENTE ACO 5,0 MM GALV ""EM METRO"" cod.19544";"mt";"3";"23,08";"69,23";"15";"-0,01";"unitario_cotado";"false";"orcamento";"1";"1FAuAX7biqwxP40b-eJ8kD1i3MbuLtZOZ";"Orç Litoral - 936,84.pdf";"https://drive.google.com/file/d/1FAuAX7biqwxP40b-eJ8kD1i3MbuLtZOZ/view";"app/DadosLitoral.gs"
"1FAuAX7biqwxP40b-eJ8kD1i3MbuLtZOZ:15";"2026-06-03";"Capital Realty";"03.015.145/0001-54";"MEGA CENTRO LOGÍSTICO ITAJAÍ";"SC";"Material de manutenção";"Litoral";"ANDERSON AUGUSTO FRANCISCO & CIA LTDA";"10.222.490/0001-24";"056768";"15";"006167";"GANCHO ABERTO 08 MM C/ 02 PÇS cod.10553";"pc";"2";"2,38";"4,76";"15";"0";"unitario_cotado";"false";"orcamento";"1";"1FAuAX7biqwxP40b-eJ8kD1i3MbuLtZOZ";"Orç Litoral - 936,84.pdf";"https://drive.google.com/file/d/1FAuAX7biqwxP40b-eJ8kD1i3MbuLtZOZ/view";"app/DadosLitoral.gs"
"1FAuAX7biqwxP40b-eJ8kD1i3MbuLtZOZ:16";"2026-06-03";"Capital Realty";"03.015.145/0001-54";"MEGA CENTRO LOGÍSTICO ITAJAÍ";"SC";"Material de manutenção";"Litoral";"ANDERSON AUGUSTO FRANCISCO & CIA LTDA";"10.222.490/0001-24";"056768";"16";"002971";"KIT VARAO CORTINA SIMPL C/3,00 BRANCO c.22228";"jg";"1";"29,32";"29,32";"15";"0";"unitario_cotado";"false";"orcamento";"1";"1FAuAX7biqwxP40b-eJ8kD1i3MbuLtZOZ";"Orç Litoral - 936,84.pdf";"https://drive.google.com/file/d/1FAuAX7biqwxP40b-eJ8kD1i3MbuLtZOZ/view";"app/DadosLitoral.gs"
"1FAuAX7biqwxP40b-eJ8kD1i3MbuLtZOZ:17";"2026-06-03";"Capital Realty";"03.015.145/0001-54";"MEGA CENTRO LOGÍSTICO ITAJAÍ";"SC";"Material de manutenção";"Litoral";"ANDERSON AUGUSTO FRANCISCO & CIA LTDA";"10.222.490/0001-24";"056768";"17";"001305";"RESISTENCIA LORENZETTI ULTRA 5500 3T c.20168";"un";"5";"47,12";"235,62";"15";"0,02";"unitario_cotado";"false";"orcamento";"1";"1FAuAX7biqwxP40b-eJ8kD1i3MbuLtZOZ";"Orç Litoral - 936,84.pdf";"https://drive.google.com/file/d/1FAuAX7biqwxP40b-eJ8kD1i3MbuLtZOZ/view";"app/DadosLitoral.gs"
"1FAuAX7biqwxP40b-eJ8kD1i3MbuLtZOZ:18";"2026-06-03";"Capital Realty";"03.015.145/0001-54";"MEGA CENTRO LOGÍSTICO ITAJAÍ";"SC";"Material de manutenção";"Litoral";"ANDERSON AUGUSTO FRANCISCO & CIA LTDA";"10.222.490/0001-24";"056768";"18";"000821";"CONECTOR PORCEL 10 MM 10 AMP TRIPOLAR cod.9930";"un";"5";"6,33";"31,66";"15";"0,01";"unitario_cotado";"false";"orcamento";"1";"1FAuAX7biqwxP40b-eJ8kD1i3MbuLtZOZ";"Orç Litoral - 936,84.pdf";"https://drive.google.com/file/d/1FAuAX7biqwxP40b-eJ8kD1i3MbuLtZOZ/view";"app/DadosLitoral.gs"
"1FAuAX7biqwxP40b-eJ8kD1i3MbuLtZOZ:19";"2026-06-03";"Capital Realty";"03.015.145/0001-54";"MEGA CENTRO LOGÍSTICO ITAJAÍ";"SC";"Material de manutenção";"Litoral";"ANDERSON AUGUSTO FRANCISCO & CIA LTDA";"10.222.490/0001-24";"056768";"19";"000477";"PLUG TIPO T MULTIPLO 3 SAIDAS FORLUX cod.7960";"un";"4";"19,93";"79,7";"15";"-0,02";"unitario_cotado";"false";"orcamento";"1";"1FAuAX7biqwxP40b-eJ8kD1i3MbuLtZOZ";"Orç Litoral - 936,84.pdf";"https://drive.google.com/file/d/1FAuAX7biqwxP40b-eJ8kD1i3MbuLtZOZ/view";"app/DadosLitoral.gs"
"1QWdX6jaXs1VqBFsmNA-ERQODePq24Gcr:1";"2026-08-12";"Capital Realty";"03.015.145/0001-54";"MEGA CENTRO LOGÍSTICO ITAJAÍ";"SC";"Material de consumo";"CANAVERAL PRODUTOS DE HIGIENE E LIMPEZA";"CANAVERAL PRODUTOS DE HIGIENE E LIMPEZA";"07.052.432/0001-95";"0";"1";"85";"GEL ADESIVO SANITARIO COALA APLIC+REFIL LAVANDA 37G C/6";"UN";"8";"19,9";"159,2";"";"0";"unitario_cotado";"false";"orcamento";"";"1QWdX6jaXs1VqBFsmNA-ERQODePq24Gcr";"Orç Canaveral - 4.391,45";"https://drive.google.com/file/d/1QWdX6jaXs1VqBFsmNA-ERQODePq24Gcr/view";"app/DadosCanaveral.gs"
"1QWdX6jaXs1VqBFsmNA-ERQODePq24Gcr:2";"2026-08-12";"Capital Realty";"03.015.145/0001-54";"MEGA CENTRO LOGÍSTICO ITAJAÍ";"SC";"Material de consumo";"CANAVERAL PRODUTOS DE HIGIENE E LIMPEZA";"CANAVERAL PRODUTOS DE HIGIENE E LIMPEZA";"07.052.432/0001-95";"0";"2";"480";"AGUA SANITARIA 5 L Q BOA";"BB";"1";"18,9";"18,9";"";"0";"unitario_cotado";"false";"orcamento";"";"1QWdX6jaXs1VqBFsmNA-ERQODePq24Gcr";"Orç Canaveral - 4.391,45";"https://drive.google.com/file/d/1QWdX6jaXs1VqBFsmNA-ERQODePq24Gcr/view";"app/DadosCanaveral.gs"
"1QWdX6jaXs1VqBFsmNA-ERQODePq24Gcr:3";"2026-08-12";"Capital Realty";"03.015.145/0001-54";"MEGA CENTRO LOGÍSTICO ITAJAÍ";"SC";"Material de consumo";"CANAVERAL PRODUTOS DE HIGIENE E LIMPEZA";"CANAVERAL PRODUTOS DE HIGIENE E LIMPEZA";"07.052.432/0001-95";"0";"3";"249";"ÁLCOOL LIQUIDO 70% 1 L HOSPITALAR ITAJUBA/VALE";"UN";"6";"8,85";"53,1";"";"0";"unitario_cotado";"false";"orcamento";"";"1QWdX6jaXs1VqBFsmNA-ERQODePq24Gcr";"Orç Canaveral - 4.391,45";"https://drive.google.com/file/d/1QWdX6jaXs1VqBFsmNA-ERQODePq24Gcr/view";"app/DadosCanaveral.gs"
"1QWdX6jaXs1VqBFsmNA-ERQODePq24Gcr:4";"2026-08-12";"Capital Realty";"03.015.145/0001-54";"MEGA CENTRO LOGÍSTICO ITAJAÍ";"SC";"Material de consumo";"CANAVERAL PRODUTOS DE HIGIENE E LIMPEZA";"CANAVERAL PRODUTOS DE HIGIENE E LIMPEZA";"07.052.432/0001-95";"0";"4";"8490";"BOM AR LEVEUZE 400ML CAPIM LIMAO";"UN";"7";"9,9";"69,3";"";"0";"unitario_cotado";"false";"orcamento";"";"1QWdX6jaXs1VqBFsmNA-ERQODePq24Gcr";"Orç Canaveral - 4.391,45";"https://drive.google.com/file/d/1QWdX6jaXs1VqBFsmNA-ERQODePq24Gcr/view";"app/DadosCanaveral.gs"
"1QWdX6jaXs1VqBFsmNA-ERQODePq24Gcr:5";"2026-08-12";"Capital Realty";"03.015.145/0001-54";"MEGA CENTRO LOGÍSTICO ITAJAÍ";"SC";"Material de consumo";"CANAVERAL PRODUTOS DE HIGIENE E LIMPEZA";"CANAVERAL PRODUTOS DE HIGIENE E LIMPEZA";"07.052.432/0001-95";"0";"5";"7704";"SAPONACEO CIF 250ML";"UN";"3";"11,9";"35,7";"";"0";"unitario_cotado";"false";"orcamento";"";"1QWdX6jaXs1VqBFsmNA-ERQODePq24Gcr";"Orç Canaveral - 4.391,45";"https://drive.google.com/file/d/1QWdX6jaXs1VqBFsmNA-ERQODePq24Gcr/view";"app/DadosCanaveral.gs"
"1QWdX6jaXs1VqBFsmNA-ERQODePq24Gcr:6";"2026-08-12";"Capital Realty";"03.015.145/0001-54";"MEGA CENTRO LOGÍSTICO ITAJAÍ";"SC";"Material de consumo";"CANAVERAL PRODUTOS DE HIGIENE E LIMPEZA";"CANAVERAL PRODUTOS DE HIGIENE E LIMPEZA";"07.052.432/0001-95";"0";"6";"8180";"AROMATIZANTE COALA 120ML ALGODÃO";"UN";"4";"14,9";"59,6";"";"0";"unitario_cotado";"false";"orcamento";"";"1QWdX6jaXs1VqBFsmNA-ERQODePq24Gcr";"Orç Canaveral - 4.391,45";"https://drive.google.com/file/d/1QWdX6jaXs1VqBFsmNA-ERQODePq24Gcr/view";"app/DadosCanaveral.gs"
"1QWdX6jaXs1VqBFsmNA-ERQODePq24Gcr:7";"2026-08-12";"Capital Realty";"03.015.145/0001-54";"MEGA CENTRO LOGÍSTICO ITAJAÍ";"SC";"Material de consumo";"CANAVERAL PRODUTOS DE HIGIENE E LIMPEZA";"CANAVERAL PRODUTOS DE HIGIENE E LIMPEZA";"07.052.432/0001-95";"0";"7";"7930";"DESINFETANTE CANAVERAL LAVANDA 5L";"BB";"2";"15";"30";"";"0";"unitario_cotado";"false";"orcamento";"";"1QWdX6jaXs1VqBFsmNA-ERQODePq24Gcr";"Orç Canaveral - 4.391,45";"https://drive.google.com/file/d/1QWdX6jaXs1VqBFsmNA-ERQODePq24Gcr/view";"app/DadosCanaveral.gs"
"1QWdX6jaXs1VqBFsmNA-ERQODePq24Gcr:8";"2026-08-12";"Capital Realty";"03.015.145/0001-54";"MEGA CENTRO LOGÍSTICO ITAJAÍ";"SC";"Material de consumo";"CANAVERAL PRODUTOS DE HIGIENE E LIMPEZA";"CANAVERAL PRODUTOS DE HIGIENE E LIMPEZA";"07.052.432/0001-95";"0";"8";"8171";"DETERGENTE CLORADO GEL GUIMARAES 5L";"BB";"3";"39";"117";"";"0";"unitario_cotado";"false";"orcamento";"";"1QWdX6jaXs1VqBFsmNA-ERQODePq24Gcr";"Orç Canaveral - 4.391,45";"https://drive.google.com/file/d/1QWdX6jaXs1VqBFsmNA-ERQODePq24Gcr/view";"app/DadosCanaveral.gs"
"1QWdX6jaXs1VqBFsmNA-ERQODePq24Gcr:9";"2026-08-12";"Capital Realty";"03.015.145/0001-54";"MEGA CENTRO LOGÍSTICO ITAJAÍ";"SC";"Material de consumo";"CANAVERAL PRODUTOS DE HIGIENE E LIMPEZA";"CANAVERAL PRODUTOS DE HIGIENE E LIMPEZA";"07.052.432/0001-95";"0";"9";"7756";"DETERGENTE YPÊ NEUTRO 5L";"BB";"1";"27,5";"27,5";"";"0";"unitario_cotado";"false";"orcamento";"";"1QWdX6jaXs1VqBFsmNA-ERQODePq24Gcr";"Orç Canaveral - 4.391,45";"https://drive.google.com/file/d/1QWdX6jaXs1VqBFsmNA-ERQODePq24Gcr/view";"app/DadosCanaveral.gs"
"1QWdX6jaXs1VqBFsmNA-ERQODePq24Gcr:10";"2026-08-12";"Capital Realty";"03.015.145/0001-54";"MEGA CENTRO LOGÍSTICO ITAJAÍ";"SC";"Material de consumo";"CANAVERAL PRODUTOS DE HIGIENE E LIMPEZA";"CANAVERAL PRODUTOS DE HIGIENE E LIMPEZA";"07.052.432/0001-95";"0";"10";"414";"FIBRAÇO LEVE BRANCO GDE 26CM 9504";"UN";"5";"1,99";"9,95";"";"0";"unitario_cotado";"false";"orcamento";"";"1QWdX6jaXs1VqBFsmNA-ERQODePq24Gcr";"Orç Canaveral - 4.391,45";"https://drive.google.com/file/d/1QWdX6jaXs1VqBFsmNA-ERQODePq24Gcr/view";"app/DadosCanaveral.gs"
"1QWdX6jaXs1VqBFsmNA-ERQODePq24Gcr:11";"2026-08-12";"Capital Realty";"03.015.145/0001-54";"MEGA CENTRO LOGÍSTICO ITAJAÍ";"SC";"Material de consumo";"CANAVERAL PRODUTOS DE HIGIENE E LIMPEZA";"CANAVERAL PRODUTOS DE HIGIENE E LIMPEZA";"07.052.432/0001-95";"0";"11";"6185";"ESPONJA CONDOR 11X7.5X0.20 PACK C/4";"UN";"2";"3,4";"6,8";"";"0";"unitario_cotado";"false";"orcamento";"";"1QWdX6jaXs1VqBFsmNA-ERQODePq24Gcr";"Orç Canaveral - 4.391,45";"https://drive.google.com/file/d/1QWdX6jaXs1VqBFsmNA-ERQODePq24Gcr/view";"app/DadosCanaveral.gs"
"1QWdX6jaXs1VqBFsmNA-ERQODePq24Gcr:12";"2026-08-12";"Capital Realty";"03.015.145/0001-54";"MEGA CENTRO LOGÍSTICO ITAJAÍ";"SC";"Material de consumo";"CANAVERAL PRODUTOS DE HIGIENE E LIMPEZA";"CANAVERAL PRODUTOS DE HIGIENE E LIMPEZA";"07.052.432/0001-95";"0";"12";"7185";"BACT GERM CANAVERAL 1L SPRAY DESINFETANTE";"UN";"2";"15";"30";"";"0";"unitario_cotado";"false";"orcamento";"";"1QWdX6jaXs1VqBFsmNA-ERQODePq24Gcr";"Orç Canaveral - 4.391,45";"https://drive.google.com/file/d/1QWdX6jaXs1VqBFsmNA-ERQODePq24Gcr/view";"app/DadosCanaveral.gs"
"1QWdX6jaXs1VqBFsmNA-ERQODePq24Gcr:13";"2026-08-12";"Capital Realty";"03.015.145/0001-54";"MEGA CENTRO LOGÍSTICO ITAJAÍ";"SC";"Material de consumo";"CANAVERAL PRODUTOS DE HIGIENE E LIMPEZA";"CANAVERAL PRODUTOS DE HIGIENE E LIMPEZA";"07.052.432/0001-95";"0";"13";"96";"FIBRAÇO VERDE GDE 26CM 9502";"UN";"3";"2,25";"6,75";"";"0";"unitario_cotado";"false";"orcamento";"";"1QWdX6jaXs1VqBFsmNA-ERQODePq24Gcr";"Orç Canaveral - 4.391,45";"https://drive.google.com/file/d/1QWdX6jaXs1VqBFsmNA-ERQODePq24Gcr/view";"app/DadosCanaveral.gs"
"1QWdX6jaXs1VqBFsmNA-ERQODePq24Gcr:14";"2026-08-12";"Capital Realty";"03.015.145/0001-54";"MEGA CENTRO LOGÍSTICO ITAJAÍ";"SC";"Material de consumo";"CANAVERAL PRODUTOS DE HIGIENE E LIMPEZA";"CANAVERAL PRODUTOS DE HIGIENE E LIMPEZA";"07.052.432/0001-95";"0";"14";"9435";"LUSTRA LAVANDA MOVEIS SEBOLD C/SILICONE 200ML";"UN";"1";"6,99";"6,99";"";"0";"unitario_cotado";"false";"orcamento";"";"1QWdX6jaXs1VqBFsmNA-ERQODePq24Gcr";"Orç Canaveral - 4.391,45";"https://drive.google.com/file/d/1QWdX6jaXs1VqBFsmNA-ERQODePq24Gcr/view";"app/DadosCanaveral.gs"
"1QWdX6jaXs1VqBFsmNA-ERQODePq24Gcr:15";"2026-08-12";"Capital Realty";"03.015.145/0001-54";"MEGA CENTRO LOGÍSTICO ITAJAÍ";"SC";"Material de consumo";"CANAVERAL PRODUTOS DE HIGIENE E LIMPEZA";"CANAVERAL PRODUTOS DE HIGIENE E LIMPEZA";"07.052.432/0001-95";"0";"15";"8397";"PASTILHA ADESIVA SANITARIA COALA LAVANDA C/2";"UN";"5";"5,5";"27,5";"";"0";"unitario_cotado";"false";"orcamento";"";"1QWdX6jaXs1VqBFsmNA-ERQODePq24Gcr";"Orç Canaveral - 4.391,45";"https://drive.google.com/file/d/1QWdX6jaXs1VqBFsmNA-ERQODePq24Gcr/view";"app/DadosCanaveral.gs"
"1QWdX6jaXs1VqBFsmNA-ERQODePq24Gcr:16";"2026-08-12";"Capital Realty";"03.015.145/0001-54";"MEGA CENTRO LOGÍSTICO ITAJAÍ";"SC";"Material de consumo";"CANAVERAL PRODUTOS DE HIGIENE E LIMPEZA";"CANAVERAL PRODUTOS DE HIGIENE E LIMPEZA";"07.052.432/0001-95";"0";"16";"6959";"SABONETE LIQUIDO PREMISSE 5L ALGAS MARINHAS";"BB";"1";"89,9";"89,9";"";"0";"unitario_cotado";"false";"orcamento";"";"1QWdX6jaXs1VqBFsmNA-ERQODePq24Gcr";"Orç Canaveral - 4.391,45";"https://drive.google.com/file/d/1QWdX6jaXs1VqBFsmNA-ERQODePq24Gcr/view";"app/DadosCanaveral.gs"
"1QWdX6jaXs1VqBFsmNA-ERQODePq24Gcr:17";"2026-08-12";"Capital Realty";"03.015.145/0001-54";"MEGA CENTRO LOGÍSTICO ITAJAÍ";"SC";"Material de consumo";"CANAVERAL PRODUTOS DE HIGIENE E LIMPEZA";"CANAVERAL PRODUTOS DE HIGIENE E LIMPEZA";"07.052.432/0001-95";"0";"17";"7167";"SACO DE LIXO AZUL 100L 0,10 C/100";"CX";"2";"79,9";"159,8";"";"0";"unitario_cotado";"false";"orcamento";"";"1QWdX6jaXs1VqBFsmNA-ERQODePq24Gcr";"Orç Canaveral - 4.391,45";"https://drive.google.com/file/d/1QWdX6jaXs1VqBFsmNA-ERQODePq24Gcr/view";"app/DadosCanaveral.gs"
"1QWdX6jaXs1VqBFsmNA-ERQODePq24Gcr:18";"2026-08-12";"Capital Realty";"03.015.145/0001-54";"MEGA CENTRO LOGÍSTICO ITAJAÍ";"SC";"Material de consumo";"CANAVERAL PRODUTOS DE HIGIENE E LIMPEZA";"CANAVERAL PRODUTOS DE HIGIENE E LIMPEZA";"07.052.432/0001-95";"0";"18";"6714";"SACO DE LIXO MARROM 100L 0,10 C/ 100";"CT";"3";"79,9";"239,7";"";"0";"unitario_cotado";"false";"orcamento";"";"1QWdX6jaXs1VqBFsmNA-ERQODePq24Gcr";"Orç Canaveral - 4.391,45";"https://drive.google.com/file/d/1QWdX6jaXs1VqBFsmNA-ERQODePq24Gcr/view";"app/DadosCanaveral.gs"
"1QWdX6jaXs1VqBFsmNA-ERQODePq24Gcr:19";"2026-08-12";"Capital Realty";"03.015.145/0001-54";"MEGA CENTRO LOGÍSTICO ITAJAÍ";"SC";"Material de consumo";"CANAVERAL PRODUTOS DE HIGIENE E LIMPEZA";"CANAVERAL PRODUTOS DE HIGIENE E LIMPEZA";"07.052.432/0001-95";"0";"19";"6708";"SACO DE LIXO MARROM 40L 0,04 C/ 100";"CT";"3";"19,9";"59,7";"";"0";"unitario_cotado";"false";"orcamento";"";"1QWdX6jaXs1VqBFsmNA-ERQODePq24Gcr";"Orç Canaveral - 4.391,45";"https://drive.google.com/file/d/1QWdX6jaXs1VqBFsmNA-ERQODePq24Gcr/view";"app/DadosCanaveral.gs"
"1QWdX6jaXs1VqBFsmNA-ERQODePq24Gcr:20";"2026-08-12";"Capital Realty";"03.015.145/0001-54";"MEGA CENTRO LOGÍSTICO ITAJAÍ";"SC";"Material de consumo";"CANAVERAL PRODUTOS DE HIGIENE E LIMPEZA";"CANAVERAL PRODUTOS DE HIGIENE E LIMPEZA";"07.052.432/0001-95";"0";"20";"8900";"TELA DE MICTORIO PREMISSE CEREJA";"UN";"4";"6,99";"27,96";"";"0";"unitario_cotado";"false";"orcamento";"";"1QWdX6jaXs1VqBFsmNA-ERQODePq24Gcr";"Orç Canaveral - 4.391,45";"https://drive.google.com/file/d/1QWdX6jaXs1VqBFsmNA-ERQODePq24Gcr/view";"app/DadosCanaveral.gs"
"1QWdX6jaXs1VqBFsmNA-ERQODePq24Gcr:21";"2026-08-12";"Capital Realty";"03.015.145/0001-54";"MEGA CENTRO LOGÍSTICO ITAJAÍ";"SC";"Material de consumo";"CANAVERAL PRODUTOS DE HIGIENE E LIMPEZA";"CANAVERAL PRODUTOS DE HIGIENE E LIMPEZA";"07.052.432/0001-95";"0";"21";"6306";"P.TOALHA BOBINA 200M TR IPEL TRACTION 30G C/6";"UN";"11";"172,5";"1897,5";"";"0";"unitario_cotado";"false";"orcamento";"";"1QWdX6jaXs1VqBFsmNA-ERQODePq24Gcr";"Orç Canaveral - 4.391,45";"https://drive.google.com/file/d/1QWdX6jaXs1VqBFsmNA-ERQODePq24Gcr/view";"app/DadosCanaveral.gs"
"1QWdX6jaXs1VqBFsmNA-ERQODePq24Gcr:22";"2026-08-12";"Capital Realty";"03.015.145/0001-54";"MEGA CENTRO LOGÍSTICO ITAJAÍ";"SC";"Material de consumo";"CANAVERAL PRODUTOS DE HIGIENE E LIMPEZA";"CANAVERAL PRODUTOS DE HIGIENE E LIMPEZA";"07.052.432/0001-95";"0";"22";"6621";"PAPEL HIG. 300 MT NATUREZA CX C/8";"CX";"14";"89,9";"1258,6";"";"0";"unitario_cotado";"false";"orcamento";"";"1QWdX6jaXs1VqBFsmNA-ERQODePq24Gcr";"Orç Canaveral - 4.391,45";"https://drive.google.com/file/d/1QWdX6jaXs1VqBFsmNA-ERQODePq24Gcr/view";"app/DadosCanaveral.gs"
"1wmFtKzI4ISOTAVn1LvGdYEYIAkW-qQ03:1";"2026-08-12";"Capital Realty";"03.015.145/0001-54";"MEGA CENTRO LOGÍSTICO ITAJAÍ";"SC";"Material de consumo";"CANAVERAL PRODUTOS DE HIGIENE E LIMPEZA";"CANAVERAL PRODUTOS DE HIGIENE E LIMPEZA";"07.052.432/0001-95";"0";"1";"286";"ACUCAR 1KG";"UN";"9";"4,9";"44,1";"";"0";"unitario_cotado";"false";"orcamento";"";"1wmFtKzI4ISOTAVn1LvGdYEYIAkW-qQ03";"Orç Canaveral - 999,79";"https://drive.google.com/file/d/1wmFtKzI4ISOTAVn1LvGdYEYIAkW-qQ03/view";"app/DadosCanaveral.gs"
"1wmFtKzI4ISOTAVn1LvGdYEYIAkW-qQ03:2";"2026-08-12";"Capital Realty";"03.015.145/0001-54";"MEGA CENTRO LOGÍSTICO ITAJAÍ";"SC";"Material de consumo";"CANAVERAL PRODUTOS DE HIGIENE E LIMPEZA";"CANAVERAL PRODUTOS DE HIGIENE E LIMPEZA";"07.052.432/0001-95";"0";"2";"6492";"CAFE MELITA TRADICIONAL 500G";"UN";"22";"35,9";"789,8";"";"0";"unitario_cotado";"false";"orcamento";"";"1wmFtKzI4ISOTAVn1LvGdYEYIAkW-qQ03";"Orç Canaveral - 999,79";"https://drive.google.com/file/d/1wmFtKzI4ISOTAVn1LvGdYEYIAkW-qQ03/view";"app/DadosCanaveral.gs"
"1wmFtKzI4ISOTAVn1LvGdYEYIAkW-qQ03:3";"2026-08-12";"Capital Realty";"03.015.145/0001-54";"MEGA CENTRO LOGÍSTICO ITAJAÍ";"SC";"Material de consumo";"CANAVERAL PRODUTOS DE HIGIENE E LIMPEZA";"CANAVERAL PRODUTOS DE HIGIENE E LIMPEZA";"07.052.432/0001-95";"0";"3";"287";"FILTRO DE CAFE 103";"UN";"10";"5,5";"55";"";"0";"unitario_cotado";"false";"orcamento";"";"1wmFtKzI4ISOTAVn1LvGdYEYIAkW-qQ03";"Orç Canaveral - 999,79";"https://drive.google.com/file/d/1wmFtKzI4ISOTAVn1LvGdYEYIAkW-qQ03/view";"app/DadosCanaveral.gs"
"1wmFtKzI4ISOTAVn1LvGdYEYIAkW-qQ03:4";"2026-08-12";"Capital Realty";"03.015.145/0001-54";"MEGA CENTRO LOGÍSTICO ITAJAÍ";"SC";"Material de consumo";"CANAVERAL PRODUTOS DE HIGIENE E LIMPEZA";"CANAVERAL PRODUTOS DE HIGIENE E LIMPEZA";"07.052.432/0001-95";"0";"4";"6717";"PANO DE CHAO PLUS 40X60";"UN";"3";"5,5";"16,5";"";"0";"unitario_cotado";"false";"orcamento";"";"1wmFtKzI4ISOTAVn1LvGdYEYIAkW-qQ03";"Orç Canaveral - 999,79";"https://drive.google.com/file/d/1wmFtKzI4ISOTAVn1LvGdYEYIAkW-qQ03/view";"app/DadosCanaveral.gs"
"1wmFtKzI4ISOTAVn1LvGdYEYIAkW-qQ03:5";"2026-08-12";"Capital Realty";"03.015.145/0001-54";"MEGA CENTRO LOGÍSTICO ITAJAÍ";"SC";"Material de consumo";"CANAVERAL PRODUTOS DE HIGIENE E LIMPEZA";"CANAVERAL PRODUTOS DE HIGIENE E LIMPEZA";"07.052.432/0001-95";"0";"5";"9543";"PANO DE PRATO CHEF 45X70CM";"UN";"3";"10,9";"32,7";"";"0";"unitario_cotado";"false";"orcamento";"";"1wmFtKzI4ISOTAVn1LvGdYEYIAkW-qQ03";"Orç Canaveral - 999,79";"https://drive.google.com/file/d/1wmFtKzI4ISOTAVn1LvGdYEYIAkW-qQ03/view";"app/DadosCanaveral.gs"
"1wmFtKzI4ISOTAVn1LvGdYEYIAkW-qQ03:6";"2026-08-12";"Capital Realty";"03.015.145/0001-54";"MEGA CENTRO LOGÍSTICO ITAJAÍ";"SC";"Material de consumo";"CANAVERAL PRODUTOS DE HIGIENE E LIMPEZA";"CANAVERAL PRODUTOS DE HIGIENE E LIMPEZA";"07.052.432/0001-95";"0";"6";"279";"INSETICIDA AEROSOL 350ML";"UN";"1";"11,99";"11,99";"";"0";"unitario_cotado";"false";"orcamento";"";"1wmFtKzI4ISOTAVn1LvGdYEYIAkW-qQ03";"Orç Canaveral - 999,79";"https://drive.google.com/file/d/1wmFtKzI4ISOTAVn1LvGdYEYIAkW-qQ03/view";"app/DadosCanaveral.gs"
"1wmFtKzI4ISOTAVn1LvGdYEYIAkW-qQ03:7";"2026-08-12";"Capital Realty";"03.015.145/0001-54";"MEGA CENTRO LOGÍSTICO ITAJAÍ";"SC";"Material de consumo";"CANAVERAL PRODUTOS DE HIGIENE E LIMPEZA";"CANAVERAL PRODUTOS DE HIGIENE E LIMPEZA";"07.052.432/0001-95";"0";"7";"7737";"PULVERIZADOR 500ML BRALIMPIA";"UN";"1";"9,9";"9,9";"";"0";"unitario_cotado";"false";"orcamento";"";"1wmFtKzI4ISOTAVn1LvGdYEYIAkW-qQ03";"Orç Canaveral - 999,79";"https://drive.google.com/file/d/1wmFtKzI4ISOTAVn1LvGdYEYIAkW-qQ03/view";"app/DadosCanaveral.gs"
"1wmFtKzI4ISOTAVn1LvGdYEYIAkW-qQ03:8";"2026-08-12";"Capital Realty";"03.015.145/0001-54";"MEGA CENTRO LOGÍSTICO ITAJAÍ";"SC";"Material de consumo";"CANAVERAL PRODUTOS DE HIGIENE E LIMPEZA";"CANAVERAL PRODUTOS DE HIGIENE E LIMPEZA";"07.052.432/0001-95";"0";"8";"7149";"PANO UNIDADE DE MICROFIBRA SUPER 60X80 NOBRE";"UN";"2";"19,9";"39,8";"";"0";"unitario_cotado";"false";"orcamento";"";"1wmFtKzI4ISOTAVn1LvGdYEYIAkW-qQ03";"Orç Canaveral - 999,79";"https://drive.google.com/file/d/1wmFtKzI4ISOTAVn1LvGdYEYIAkW-qQ03/view";"app/DadosCanaveral.gs"
"1qNohQs4nU6o3BEKb3BI99DFVH0i7ntjA:1";"2026-08-26";"Capital Realty";"03.015.145/0001-54";"MEGA CENTRO LOGÍSTICO ITAJAÍ";"SC";"Material de manutenção";"Litoral";"ANDERSON AUGUSTO FRANCISCO & CIA LTDA";"10.222.490/0001-24";"057780";"1";"002335";"OLEO LUBRIFICANTE WD-40 C/ 300 ML cod.2304";"un";"2";"56,67";"113,34";"15";"0";"unitario_cotado";"false";"orcamento";"1";"1qNohQs4nU6o3BEKb3BI99DFVH0i7ntjA";"Orç Litoral - 981,57.pdf";"https://drive.google.com/file/d/1qNohQs4nU6o3BEKb3BI99DFVH0i7ntjA/view";"app/DadosLitoral.gs"
"1qNohQs4nU6o3BEKb3BI99DFVH0i7ntjA:2";"2026-08-26";"Capital Realty";"03.015.145/0001-54";"MEGA CENTRO LOGÍSTICO ITAJAÍ";"SC";"Material de manutenção";"Litoral";"ANDERSON AUGUSTO FRANCISCO & CIA LTDA";"10.222.490/0001-24";"057780";"2";"002056";"PREGO POLIDO 150GR C/CABECA 15X15";"un";"1";"6,99";"6,99";"15";"0";"unitario_cotado";"false";"orcamento";"1";"1qNohQs4nU6o3BEKb3BI99DFVH0i7ntjA";"Orç Litoral - 981,57.pdf";"https://drive.google.com/file/d/1qNohQs4nU6o3BEKb3BI99DFVH0i7ntjA/view";"app/DadosLitoral.gs"
"1qNohQs4nU6o3BEKb3BI99DFVH0i7ntjA:3";"2026-08-26";"Capital Realty";"03.015.145/0001-54";"MEGA CENTRO LOGÍSTICO ITAJAÍ";"SC";"Material de manutenção";"Litoral";"ANDERSON AUGUSTO FRANCISCO & CIA LTDA";"10.222.490/0001-24";"057780";"3";"004552";"PREGO GALVANIZ 17X21 BELGO 100GR c.cabeca c.128006";"sc";"1";"6,94";"6,94";"15";"0";"unitario_cotado";"false";"orcamento";"1";"1qNohQs4nU6o3BEKb3BI99DFVH0i7ntjA";"Orç Litoral - 981,57.pdf";"https://drive.google.com/file/d/1qNohQs4nU6o3BEKb3BI99DFVH0i7ntjA/view";"app/DadosLitoral.gs"
"1qNohQs4nU6o3BEKb3BI99DFVH0i7ntjA:4";"2026-08-26";"Capital Realty";"03.015.145/0001-54";"MEGA CENTRO LOGÍSTICO ITAJAÍ";"SC";"Material de manutenção";"Litoral";"ANDERSON AUGUSTO FRANCISCO & CIA LTDA";"10.222.490/0001-24";"057780";"4";"004168";"COLA BRANCA UNIVERSAL 1000 GR CASCOREZ cod.8778";"un";"1";"63,3";"63,3";"15";"0";"unitario_cotado";"false";"orcamento";"1";"1qNohQs4nU6o3BEKb3BI99DFVH0i7ntjA";"Orç Litoral - 981,57.pdf";"https://drive.google.com/file/d/1qNohQs4nU6o3BEKb3BI99DFVH0i7ntjA/view";"app/DadosLitoral.gs"
"1qNohQs4nU6o3BEKb3BI99DFVH0i7ntjA:5";"2026-08-26";"Capital Realty";"03.015.145/0001-54";"MEGA CENTRO LOGÍSTICO ITAJAÍ";"SC";"Material de manutenção";"Litoral";"ANDERSON AUGUSTO FRANCISCO & CIA LTDA";"10.222.490/0001-24";"057780";"5";"005558";"CLORO P/PISCINA 200 GR TABLETE cod.8451";"pç";"5";"13,57";"67,87";"15";"0,02";"unitario_cotado";"false";"orcamento";"1";"1qNohQs4nU6o3BEKb3BI99DFVH0i7ntjA";"Orç Litoral - 981,57.pdf";"https://drive.google.com/file/d/1qNohQs4nU6o3BEKb3BI99DFVH0i7ntjA/view";"app/DadosLitoral.gs"
"1qNohQs4nU6o3BEKb3BI99DFVH0i7ntjA:6";"2026-08-26";"Capital Realty";"03.015.145/0001-54";"MEGA CENTRO LOGÍSTICO ITAJAÍ";"SC";"Material de manutenção";"Litoral";"ANDERSON AUGUSTO FRANCISCO & CIA LTDA";"10.222.490/0001-24";"057780";"6";"004452";"ESTOPA DE PANO ""pacote"" 1 kg cod.28040";"un";"5";"9,55";"47,73";"15";"-0,02";"unitario_cotado";"false";"orcamento";"1";"1qNohQs4nU6o3BEKb3BI99DFVH0i7ntjA";"Orç Litoral - 981,57.pdf";"https://drive.google.com/file/d/1qNohQs4nU6o3BEKb3BI99DFVH0i7ntjA/view";"app/DadosLitoral.gs"
"1qNohQs4nU6o3BEKb3BI99DFVH0i7ntjA:7";"2026-08-26";"Capital Realty";"03.015.145/0001-54";"MEGA CENTRO LOGÍSTICO ITAJAÍ";"SC";"Material de manutenção";"Litoral";"ANDERSON AUGUSTO FRANCISCO & CIA LTDA";"10.222.490/0001-24";"057780";"7";"000206";"CAP ESGOTO 150 MM cod.11654";"pç";"3";"31,36";"94,07";"15";"-0,01";"unitario_cotado";"false";"orcamento";"1";"1qNohQs4nU6o3BEKb3BI99DFVH0i7ntjA";"Orç Litoral - 981,57.pdf";"https://drive.google.com/file/d/1qNohQs4nU6o3BEKb3BI99DFVH0i7ntjA/view";"app/DadosLitoral.gs"
"1qNohQs4nU6o3BEKb3BI99DFVH0i7ntjA:8";"2026-08-26";"Capital Realty";"03.015.145/0001-54";"MEGA CENTRO LOGÍSTICO ITAJAÍ";"SC";"Material de manutenção";"Litoral";"ANDERSON AUGUSTO FRANCISCO & CIA LTDA";"10.222.490/0001-24";"057780";"8";"006477";"MARTELO PEDREIRO 27 MM C. FIBRA FERTAK 10824";"un";"1";"44,82";"44,82";"15";"0";"unitario_cotado";"false";"orcamento";"1";"1qNohQs4nU6o3BEKb3BI99DFVH0i7ntjA";"Orç Litoral - 981,57.pdf";"https://drive.google.com/file/d/1qNohQs4nU6o3BEKb3BI99DFVH0i7ntjA/view";"app/DadosLitoral.gs"
"1qNohQs4nU6o3BEKb3BI99DFVH0i7ntjA:9";"2026-08-26";"Capital Realty";"03.015.145/0001-54";"MEGA CENTRO LOGÍSTICO ITAJAÍ";"SC";"Material de manutenção";"Litoral";"ANDERSON AUGUSTO FRANCISCO & CIA LTDA";"10.222.490/0001-24";"057780";"9";"005125";"BROCA ACO RAP 03,0 MM IRWIN 6540";"un";"2";"9,73";"19,45";"15";"-0,01";"unitario_cotado";"false";"orcamento";"1";"1qNohQs4nU6o3BEKb3BI99DFVH0i7ntjA";"Orç Litoral - 981,57.pdf";"https://drive.google.com/file/d/1qNohQs4nU6o3BEKb3BI99DFVH0i7ntjA/view";"app/DadosLitoral.gs"
"1qNohQs4nU6o3BEKb3BI99DFVH0i7ntjA:10";"2026-08-26";"Capital Realty";"03.015.145/0001-54";"MEGA CENTRO LOGÍSTICO ITAJAÍ";"SC";"Material de manutenção";"Litoral";"ANDERSON AUGUSTO FRANCISCO & CIA LTDA";"10.222.490/0001-24";"057780";"10";"000764";"BROCA ACO RAP 06,0 MM IRWIN c.6544";"un";"2";"13,1";"26,2";"15";"0";"unitario_cotado";"false";"orcamento";"1";"1qNohQs4nU6o3BEKb3BI99DFVH0i7ntjA";"Orç Litoral - 981,57.pdf";"https://drive.google.com/file/d/1qNohQs4nU6o3BEKb3BI99DFVH0i7ntjA/view";"app/DadosLitoral.gs"
"1qNohQs4nU6o3BEKb3BI99DFVH0i7ntjA:11";"2026-08-26";"Capital Realty";"03.015.145/0001-54";"MEGA CENTRO LOGÍSTICO ITAJAÍ";"SC";"Material de manutenção";"Litoral";"ANDERSON AUGUSTO FRANCISCO & CIA LTDA";"10.222.490/0001-24";"057780";"11";"000768";"BROCA ACO RAP 08,0 MM IRWIN cod.6548";"un";"2";"22,49";"44,98";"15";"0";"unitario_cotado";"false";"orcamento";"1";"1qNohQs4nU6o3BEKb3BI99DFVH0i7ntjA";"Orç Litoral - 981,57.pdf";"https://drive.google.com/file/d/1qNohQs4nU6o3BEKb3BI99DFVH0i7ntjA/view";"app/DadosLitoral.gs"
"1qNohQs4nU6o3BEKb3BI99DFVH0i7ntjA:12";"2026-08-26";"Capital Realty";"03.015.145/0001-54";"MEGA CENTRO LOGÍSTICO ITAJAÍ";"SC";"Material de manutenção";"Litoral";"ANDERSON AUGUSTO FRANCISCO & CIA LTDA";"10.222.490/0001-24";"057780";"12";"008390";"ESPUMA DE POLIURETANO 500ML 320G MUNDIAL 2693";"un";"1";"29,68";"29,68";"15";"0";"unitario_cotado";"false";"orcamento";"1";"1qNohQs4nU6o3BEKb3BI99DFVH0i7ntjA";"Orç Litoral - 981,57.pdf";"https://drive.google.com/file/d/1qNohQs4nU6o3BEKb3BI99DFVH0i7ntjA/view";"app/DadosLitoral.gs"
"1qNohQs4nU6o3BEKb3BI99DFVH0i7ntjA:13";"2026-08-26";"Capital Realty";"03.015.145/0001-54";"MEGA CENTRO LOGÍSTICO ITAJAÍ";"SC";"Material de manutenção";"Litoral";"ANDERSON AUGUSTO FRANCISCO & CIA LTDA";"10.222.490/0001-24";"057780";"13";"000539";"FITA ADESIVA CREPE BEGE 48MMX50MTS ADERE c.7058";"un";"3";"17,67";"53,01";"15";"0";"unitario_cotado";"false";"orcamento";"1";"1qNohQs4nU6o3BEKb3BI99DFVH0i7ntjA";"Orç Litoral - 981,57.pdf";"https://drive.google.com/file/d/1qNohQs4nU6o3BEKb3BI99DFVH0i7ntjA/view";"app/DadosLitoral.gs"
"1qNohQs4nU6o3BEKb3BI99DFVH0i7ntjA:14";"2026-08-26";"Capital Realty";"03.015.145/0001-54";"MEGA CENTRO LOGÍSTICO ITAJAÍ";"SC";"Material de manutenção";"Litoral";"ANDERSON AUGUSTO FRANCISCO & CIA LTDA";"10.222.490/0001-24";"057780";"14";"000747";"FITA DUPLA FACE 12MMX2,00 MTS. 3M cod.9481";"un";"5";"30,05";"150,24";"15";"-0,01";"unitario_cotado";"false";"orcamento";"1";"1qNohQs4nU6o3BEKb3BI99DFVH0i7ntjA";"Orç Litoral - 981,57.pdf";"https://drive.google.com/file/d/1qNohQs4nU6o3BEKb3BI99DFVH0i7ntjA/view";"app/DadosLitoral.gs"
"1qNohQs4nU6o3BEKb3BI99DFVH0i7ntjA:15";"2026-08-26";"Capital Realty";"03.015.145/0001-54";"MEGA CENTRO LOGÍSTICO ITAJAÍ";"SC";"Material de manutenção";"Litoral";"ANDERSON AUGUSTO FRANCISCO & CIA LTDA";"10.222.490/0001-24";"057780";"15";"004985";"LUVA PEDREIRO POLIESTER PRETA TATIL HANDEX c.13720";"un";"5";"6,28";"31,41";"15";"0,01";"unitario_cotado";"false";"orcamento";"1";"1qNohQs4nU6o3BEKb3BI99DFVH0i7ntjA";"Orç Litoral - 981,57.pdf";"https://drive.google.com/file/d/1qNohQs4nU6o3BEKb3BI99DFVH0i7ntjA/view";"app/DadosLitoral.gs"
"1qNohQs4nU6o3BEKb3BI99DFVH0i7ntjA:16";"2026-08-26";"Capital Realty";"03.015.145/0001-54";"MEGA CENTRO LOGÍSTICO ITAJAÍ";"SC";"Material de manutenção";"Litoral";"ANDERSON AUGUSTO FRANCISCO & CIA LTDA";"10.222.490/0001-24";"057780";"16";"000973";"EMENDA P/MANGUEIRA JARDIM IRRIGACAO 1/2"" MTX 16457";"un";"5";"6,06";"30,3";"15";"0";"unitario_cotado";"false";"orcamento";"1";"1qNohQs4nU6o3BEKb3BI99DFVH0i7ntjA";"Orç Litoral - 981,57.pdf";"https://drive.google.com/file/d/1qNohQs4nU6o3BEKb3BI99DFVH0i7ntjA/view";"app/DadosLitoral.gs"
"1qNohQs4nU6o3BEKb3BI99DFVH0i7ntjA:17";"2026-08-26";"Capital Realty";"03.015.145/0001-54";"MEGA CENTRO LOGÍSTICO ITAJAÍ";"SC";"Material de manutenção";"Litoral";"ANDERSON AUGUSTO FRANCISCO & CIA LTDA";"10.222.490/0001-24";"057780";"17";"002560";"LUVA PEDREIRO MALHA PIGMENT PRETA FERTAK c.7319";"un";"5";"4,54";"22,7";"15";"0";"unitario_cotado";"false";"orcamento";"1";"1qNohQs4nU6o3BEKb3BI99DFVH0i7ntjA";"Orç Litoral - 981,57.pdf";"https://drive.google.com/file/d/1qNohQs4nU6o3BEKb3BI99DFVH0i7ntjA/view";"app/DadosLitoral.gs"
"1qNohQs4nU6o3BEKb3BI99DFVH0i7ntjA:18";"2026-08-26";"Capital Realty";"03.015.145/0001-54";"MEGA CENTRO LOGÍSTICO ITAJAÍ";"SC";"Material de manutenção";"Litoral";"ANDERSON AUGUSTO FRANCISCO & CIA LTDA";"10.222.490/0001-24";"057780";"18";"008393";"PU 40 SELANTE 400 GR ( CINZA ) c.23914";"un";"3";"19,11";"57,32";"15";"-0,01";"unitario_cotado";"false";"orcamento";"1";"1qNohQs4nU6o3BEKb3BI99DFVH0i7ntjA";"Orç Litoral - 981,57.pdf";"https://drive.google.com/file/d/1qNohQs4nU6o3BEKb3BI99DFVH0i7ntjA/view";"app/DadosLitoral.gs"
"1qNohQs4nU6o3BEKb3BI99DFVH0i7ntjA:19";"2026-08-26";"Capital Realty";"03.015.145/0001-54";"MEGA CENTRO LOGÍSTICO ITAJAÍ";"SC";"Material de manutenção";"Litoral";"ANDERSON AUGUSTO FRANCISCO & CIA LTDA";"10.222.490/0001-24";"057780";"19";"007903";"THINNER   900 ML ( 2750 ) ANJO cod.9825";"un";"1";"30,24";"30,24";"15";"0";"unitario_cotado";"false";"orcamento";"1";"1qNohQs4nU6o3BEKb3BI99DFVH0i7ntjA";"Orç Litoral - 981,57.pdf";"https://drive.google.com/file/d/1qNohQs4nU6o3BEKb3BI99DFVH0i7ntjA/view";"app/DadosLitoral.gs"
"1qNohQs4nU6o3BEKb3BI99DFVH0i7ntjA:20";"2026-08-26";"Capital Realty";"03.015.145/0001-54";"MEGA CENTRO LOGÍSTICO ITAJAÍ";"SC";"Material de manutenção";"Litoral";"ANDERSON AUGUSTO FRANCISCO & CIA LTDA";"10.222.490/0001-24";"057780";"20";"001538";"JOGO CHAVE ALLEN 1,5 A 10,0 THOMPSON cod.5303";"jg";"1";"25,58";"25,58";"15";"0";"unitario_cotado";"false";"orcamento";"1";"1qNohQs4nU6o3BEKb3BI99DFVH0i7ntjA";"Orç Litoral - 981,57.pdf";"https://drive.google.com/file/d/1qNohQs4nU6o3BEKb3BI99DFVH0i7ntjA/view";"app/DadosLitoral.gs"
"1qNohQs4nU6o3BEKb3BI99DFVH0i7ntjA:21";"2026-08-26";"Capital Realty";"03.015.145/0001-54";"MEGA CENTRO LOGÍSTICO ITAJAÍ";"SC";"Material de manutenção";"Litoral";"ANDERSON AUGUSTO FRANCISCO & CIA LTDA";"10.222.490/0001-24";"057780";"21";"007714";"COLA INSTANTANEA TEKBOND 20,0 GR cod.3380";"un";"1";"15,4";"15,4";"15";"0";"unitario_cotado";"false";"orcamento";"1";"1qNohQs4nU6o3BEKb3BI99DFVH0i7ntjA";"Orç Litoral - 981,57.pdf";"https://drive.google.com/file/d/1qNohQs4nU6o3BEKb3BI99DFVH0i7ntjA/view";"app/DadosLitoral.gs"
"1S7qGBciD_bC57bzhw4VpcAI2vOy6Egos:1";"2026-08-28";"Capital Realty";"03.015.145/0001-54";"MEGA CENTRO LOGÍSTICO ITAJAÍ";"SC";"Material de consumo";"CANAVERAL PRODUTOS DE HIGIENE E LIMPEZA";"CANAVERAL PRODUTOS DE HIGIENE E LIMPEZA";"07.052.432/0001-95";"0";"1";"286";"ACUCAR 1KG";"UN";"3";"4,9";"14,7";"";"0";"unitario_cotado";"false";"orcamento";"";"1S7qGBciD_bC57bzhw4VpcAI2vOy6Egos";"Orç Canaveral - 528,39";"https://drive.google.com/file/d/1S7qGBciD_bC57bzhw4VpcAI2vOy6Egos/view";"app/DadosCanaveral.gs"
"1S7qGBciD_bC57bzhw4VpcAI2vOy6Egos:2";"2026-08-28";"Capital Realty";"03.015.145/0001-54";"MEGA CENTRO LOGÍSTICO ITAJAÍ";"SC";"Material de consumo";"CANAVERAL PRODUTOS DE HIGIENE E LIMPEZA";"CANAVERAL PRODUTOS DE HIGIENE E LIMPEZA";"07.052.432/0001-95";"0";"2";"6492";"CAFE MELITA TRADICIONAL 500G";"UN";"6";"35,9";"215,4";"";"0";"unitario_cotado";"false";"orcamento";"";"1S7qGBciD_bC57bzhw4VpcAI2vOy6Egos";"Orç Canaveral - 528,39";"https://drive.google.com/file/d/1S7qGBciD_bC57bzhw4VpcAI2vOy6Egos/view";"app/DadosCanaveral.gs"
"1S7qGBciD_bC57bzhw4VpcAI2vOy6Egos:3";"2026-08-28";"Capital Realty";"03.015.145/0001-54";"MEGA CENTRO LOGÍSTICO ITAJAÍ";"SC";"Material de consumo";"CANAVERAL PRODUTOS DE HIGIENE E LIMPEZA";"CANAVERAL PRODUTOS DE HIGIENE E LIMPEZA";"07.052.432/0001-95";"0";"3";"5957";"ESSENCIA 10ML PIMENTA ROSA";"FR";"1";"15,9";"15,9";"";"0";"unitario_cotado";"false";"orcamento";"";"1S7qGBciD_bC57bzhw4VpcAI2vOy6Egos";"Orç Canaveral - 528,39";"https://drive.google.com/file/d/1S7qGBciD_bC57bzhw4VpcAI2vOy6Egos/view";"app/DadosCanaveral.gs"
"1S7qGBciD_bC57bzhw4VpcAI2vOy6Egos:4";"2026-08-28";"Capital Realty";"03.015.145/0001-54";"MEGA CENTRO LOGÍSTICO ITAJAÍ";"SC";"Material de consumo";"CANAVERAL PRODUTOS DE HIGIENE E LIMPEZA";"CANAVERAL PRODUTOS DE HIGIENE E LIMPEZA";"07.052.432/0001-95";"0";"4";"7669";"ESSENCIA 10ML ALECRIM SILVESTRE";"UN";"1";"15,9";"15,9";"";"0";"unitario_cotado";"false";"orcamento";"";"1S7qGBciD_bC57bzhw4VpcAI2vOy6Egos";"Orç Canaveral - 528,39";"https://drive.google.com/file/d/1S7qGBciD_bC57bzhw4VpcAI2vOy6Egos/view";"app/DadosCanaveral.gs"
"1S7qGBciD_bC57bzhw4VpcAI2vOy6Egos:5";"2026-08-28";"Capital Realty";"03.015.145/0001-54";"MEGA CENTRO LOGÍSTICO ITAJAÍ";"SC";"Material de consumo";"CANAVERAL PRODUTOS DE HIGIENE E LIMPEZA";"CANAVERAL PRODUTOS DE HIGIENE E LIMPEZA";"07.052.432/0001-95";"0";"5";"7555";"ESSENCIA 10ML FLOR DE CEREJEIRA";"UN";"1";"15,9";"15,9";"";"0";"unitario_cotado";"false";"orcamento";"";"1S7qGBciD_bC57bzhw4VpcAI2vOy6Egos";"Orç Canaveral - 528,39";"https://drive.google.com/file/d/1S7qGBciD_bC57bzhw4VpcAI2vOy6Egos/view";"app/DadosCanaveral.gs"
"1S7qGBciD_bC57bzhw4VpcAI2vOy6Egos:6";"2026-08-28";"Capital Realty";"03.015.145/0001-54";"MEGA CENTRO LOGÍSTICO ITAJAÍ";"SC";"Material de consumo";"CANAVERAL PRODUTOS DE HIGIENE E LIMPEZA";"CANAVERAL PRODUTOS DE HIGIENE E LIMPEZA";"07.052.432/0001-95";"0";"6";"287";"FILTRO DE CAFE 103";"UN";"2";"5,5";"11";"";"0";"unitario_cotado";"false";"orcamento";"";"1S7qGBciD_bC57bzhw4VpcAI2vOy6Egos";"Orç Canaveral - 528,39";"https://drive.google.com/file/d/1S7qGBciD_bC57bzhw4VpcAI2vOy6Egos/view";"app/DadosCanaveral.gs"
"1S7qGBciD_bC57bzhw4VpcAI2vOy6Egos:7";"2026-08-28";"Capital Realty";"03.015.145/0001-54";"MEGA CENTRO LOGÍSTICO ITAJAÍ";"SC";"Material de consumo";"CANAVERAL PRODUTOS DE HIGIENE E LIMPEZA";"CANAVERAL PRODUTOS DE HIGIENE E LIMPEZA";"07.052.432/0001-95";"0";"7";"279";"INSETICIDA AEROSOL PRO INSET 350ML";"UN";"1";"11,99";"11,99";"";"0";"unitario_cotado";"false";"orcamento";"";"1S7qGBciD_bC57bzhw4VpcAI2vOy6Egos";"Orç Canaveral - 528,39";"https://drive.google.com/file/d/1S7qGBciD_bC57bzhw4VpcAI2vOy6Egos/view";"app/DadosCanaveral.gs"
"1S7qGBciD_bC57bzhw4VpcAI2vOy6Egos:8";"2026-08-28";"Capital Realty";"03.015.145/0001-54";"MEGA CENTRO LOGÍSTICO ITAJAÍ";"SC";"Material de consumo";"CANAVERAL PRODUTOS DE HIGIENE E LIMPEZA";"CANAVERAL PRODUTOS DE HIGIENE E LIMPEZA";"07.052.432/0001-95";"0";"8";"7488";"VASSOURA 1,1M V35 CONDOR CABO DE CHAPA";"UN";"2";"13,9";"27,8";"";"0";"unitario_cotado";"false";"orcamento";"";"1S7qGBciD_bC57bzhw4VpcAI2vOy6Egos";"Orç Canaveral - 528,39";"https://drive.google.com/file/d/1S7qGBciD_bC57bzhw4VpcAI2vOy6Egos/view";"app/DadosCanaveral.gs"
"1S7qGBciD_bC57bzhw4VpcAI2vOy6Egos:9";"2026-08-28";"Capital Realty";"03.015.145/0001-54";"MEGA CENTRO LOGÍSTICO ITAJAÍ";"SC";"Material de consumo";"CANAVERAL PRODUTOS DE HIGIENE E LIMPEZA";"CANAVERAL PRODUTOS DE HIGIENE E LIMPEZA";"07.052.432/0001-95";"0";"9";"7149";"PANO UNIDADE DE MICROFIBRA SUPER 60X80 NOBRE";"UN";"1";"19,9";"19,9";"";"0";"unitario_cotado";"false";"orcamento";"";"1S7qGBciD_bC57bzhw4VpcAI2vOy6Egos";"Orç Canaveral - 528,39";"https://drive.google.com/file/d/1S7qGBciD_bC57bzhw4VpcAI2vOy6Egos/view";"app/DadosCanaveral.gs"
"1S7qGBciD_bC57bzhw4VpcAI2vOy6Egos:10";"2026-08-28";"Capital Realty";"03.015.145/0001-54";"MEGA CENTRO LOGÍSTICO ITAJAÍ";"SC";"Material de consumo";"CANAVERAL PRODUTOS DE HIGIENE E LIMPEZA";"CANAVERAL PRODUTOS DE HIGIENE E LIMPEZA";"07.052.432/0001-95";"0";"10";"6090";"MULT GRAX 5L (1ML/M3)";"BB";"1";"179,9";"179,9";"";"0";"unitario_cotado";"false";"orcamento";"";"1S7qGBciD_bC57bzhw4VpcAI2vOy6Egos";"Orç Canaveral - 528,39";"https://drive.google.com/file/d/1S7qGBciD_bC57bzhw4VpcAI2vOy6Egos/view";"app/DadosCanaveral.gs"
"1zYv7vMJZDTRVdd_bIaVoHQk-0RwqCWH-:1";"2026-08-28";"Capital Realty";"03.015.145/0001-54";"MEGA CENTRO LOGÍSTICO ITAJAÍ";"SC";"Material de consumo";"CANAVERAL PRODUTOS DE HIGIENE E LIMPEZA";"CANAVERAL PRODUTOS DE HIGIENE E LIMPEZA";"07.052.432/0001-95";"0";"1";"8971";"REFIL C/6 GEL ADESIVO SANIT. COALA LAVANDA";"UN";"4";"15";"60";"";"0";"unitario_cotado";"false";"orcamento";"";"1zYv7vMJZDTRVdd_bIaVoHQk-0RwqCWH-";"Orç Canaveral - 1.595,72";"https://drive.google.com/file/d/1zYv7vMJZDTRVdd_bIaVoHQk-0RwqCWH-/view";"app/DadosCanaveral.gs"
"1zYv7vMJZDTRVdd_bIaVoHQk-0RwqCWH-:2";"2026-08-28";"Capital Realty";"03.015.145/0001-54";"MEGA CENTRO LOGÍSTICO ITAJAÍ";"SC";"Material de consumo";"CANAVERAL PRODUTOS DE HIGIENE E LIMPEZA";"CANAVERAL PRODUTOS DE HIGIENE E LIMPEZA";"07.052.432/0001-95";"0";"2";"249";"ÁLCOOL LIQUIDO 70% 1 L HOSPITALAR ITAJUBA/VALE";"UN";"2";"8,85";"17,7";"";"0";"unitario_cotado";"false";"orcamento";"";"1zYv7vMJZDTRVdd_bIaVoHQk-0RwqCWH-";"Orç Canaveral - 1.595,72";"https://drive.google.com/file/d/1zYv7vMJZDTRVdd_bIaVoHQk-0RwqCWH-/view";"app/DadosCanaveral.gs"
"1zYv7vMJZDTRVdd_bIaVoHQk-0RwqCWH-:3";"2026-08-28";"Capital Realty";"03.015.145/0001-54";"MEGA CENTRO LOGÍSTICO ITAJAÍ";"SC";"Material de consumo";"CANAVERAL PRODUTOS DE HIGIENE E LIMPEZA";"CANAVERAL PRODUTOS DE HIGIENE E LIMPEZA";"07.052.432/0001-95";"0";"3";"8490";"BOM AR LEVEUZE 400ML CAPIM LIMAO";"UN";"3";"9,9";"29,7";"";"0";"unitario_cotado";"false";"orcamento";"";"1zYv7vMJZDTRVdd_bIaVoHQk-0RwqCWH-";"Orç Canaveral - 1.595,72";"https://drive.google.com/file/d/1zYv7vMJZDTRVdd_bIaVoHQk-0RwqCWH-/view";"app/DadosCanaveral.gs"
"1zYv7vMJZDTRVdd_bIaVoHQk-0RwqCWH-:4";"2026-08-28";"Capital Realty";"03.015.145/0001-54";"MEGA CENTRO LOGÍSTICO ITAJAÍ";"SC";"Material de consumo";"CANAVERAL PRODUTOS DE HIGIENE E LIMPEZA";"CANAVERAL PRODUTOS DE HIGIENE E LIMPEZA";"07.052.432/0001-95";"0";"4";"7704";"SAPONACEO CIF 250ML";"UN";"2";"11,9";"23,8";"";"0";"unitario_cotado";"false";"orcamento";"";"1zYv7vMJZDTRVdd_bIaVoHQk-0RwqCWH-";"Orç Canaveral - 1.595,72";"https://drive.google.com/file/d/1zYv7vMJZDTRVdd_bIaVoHQk-0RwqCWH-/view";"app/DadosCanaveral.gs"
"1zYv7vMJZDTRVdd_bIaVoHQk-0RwqCWH-:5";"2026-08-28";"Capital Realty";"03.015.145/0001-54";"MEGA CENTRO LOGÍSTICO ITAJAÍ";"SC";"Material de consumo";"CANAVERAL PRODUTOS DE HIGIENE E LIMPEZA";"CANAVERAL PRODUTOS DE HIGIENE E LIMPEZA";"07.052.432/0001-95";"0";"5";"8180";"AROMATIZANTE COALA 120ML ALGODÃO";"UN";"2";"14,9";"29,8";"";"0";"unitario_cotado";"false";"orcamento";"";"1zYv7vMJZDTRVdd_bIaVoHQk-0RwqCWH-";"Orç Canaveral - 1.595,72";"https://drive.google.com/file/d/1zYv7vMJZDTRVdd_bIaVoHQk-0RwqCWH-/view";"app/DadosCanaveral.gs"
"1zYv7vMJZDTRVdd_bIaVoHQk-0RwqCWH-:6";"2026-08-28";"Capital Realty";"03.015.145/0001-54";"MEGA CENTRO LOGÍSTICO ITAJAÍ";"SC";"Material de consumo";"CANAVERAL PRODUTOS DE HIGIENE E LIMPEZA";"CANAVERAL PRODUTOS DE HIGIENE E LIMPEZA";"07.052.432/0001-95";"0";"6";"7930";"DESINFETANTE CANAVERAL LAVANDA 5L";"BB";"2";"15";"30";"";"0";"unitario_cotado";"false";"orcamento";"";"1zYv7vMJZDTRVdd_bIaVoHQk-0RwqCWH-";"Orç Canaveral - 1.595,72";"https://drive.google.com/file/d/1zYv7vMJZDTRVdd_bIaVoHQk-0RwqCWH-/view";"app/DadosCanaveral.gs"
"1zYv7vMJZDTRVdd_bIaVoHQk-0RwqCWH-:7";"2026-08-28";"Capital Realty";"03.015.145/0001-54";"MEGA CENTRO LOGÍSTICO ITAJAÍ";"SC";"Material de consumo";"CANAVERAL PRODUTOS DE HIGIENE E LIMPEZA";"CANAVERAL PRODUTOS DE HIGIENE E LIMPEZA";"07.052.432/0001-95";"0";"7";"6185";"ESPONJA CONDOR 11X7.5X0.20 PACK C/4";"UN";"2";"3,4";"6,8";"";"0";"unitario_cotado";"false";"orcamento";"";"1zYv7vMJZDTRVdd_bIaVoHQk-0RwqCWH-";"Orç Canaveral - 1.595,72";"https://drive.google.com/file/d/1zYv7vMJZDTRVdd_bIaVoHQk-0RwqCWH-/view";"app/DadosCanaveral.gs"
"1zYv7vMJZDTRVdd_bIaVoHQk-0RwqCWH-:8";"2026-08-28";"Capital Realty";"03.015.145/0001-54";"MEGA CENTRO LOGÍSTICO ITAJAÍ";"SC";"Material de consumo";"CANAVERAL PRODUTOS DE HIGIENE E LIMPEZA";"CANAVERAL PRODUTOS DE HIGIENE E LIMPEZA";"07.052.432/0001-95";"0";"8";"7185";"BACT GERM CANAVERAL 1L SPRAY DESINFETANTE";"UN";"1";"15";"15";"";"0";"unitario_cotado";"false";"orcamento";"";"1zYv7vMJZDTRVdd_bIaVoHQk-0RwqCWH-";"Orç Canaveral - 1.595,72";"https://drive.google.com/file/d/1zYv7vMJZDTRVdd_bIaVoHQk-0RwqCWH-/view";"app/DadosCanaveral.gs"
"1zYv7vMJZDTRVdd_bIaVoHQk-0RwqCWH-:9";"2026-08-28";"Capital Realty";"03.015.145/0001-54";"MEGA CENTRO LOGÍSTICO ITAJAÍ";"SC";"Material de consumo";"CANAVERAL PRODUTOS DE HIGIENE E LIMPEZA";"CANAVERAL PRODUTOS DE HIGIENE E LIMPEZA";"07.052.432/0001-95";"0";"9";"96";"FIBRAÇO VERDE GDE 26CM 9502";"UN";"3";"2,25";"6,75";"";"0";"unitario_cotado";"false";"orcamento";"";"1zYv7vMJZDTRVdd_bIaVoHQk-0RwqCWH-";"Orç Canaveral - 1.595,72";"https://drive.google.com/file/d/1zYv7vMJZDTRVdd_bIaVoHQk-0RwqCWH-/view";"app/DadosCanaveral.gs"
"1zYv7vMJZDTRVdd_bIaVoHQk-0RwqCWH-:10";"2026-08-28";"Capital Realty";"03.015.145/0001-54";"MEGA CENTRO LOGÍSTICO ITAJAÍ";"SC";"Material de consumo";"CANAVERAL PRODUTOS DE HIGIENE E LIMPEZA";"CANAVERAL PRODUTOS DE HIGIENE E LIMPEZA";"07.052.432/0001-95";"0";"10";"7981";"LUSTRA MOVEIS POLWAX 200ML LAVANDA";"UN";"1";"6,99";"6,99";"";"0";"unitario_cotado";"false";"orcamento";"";"1zYv7vMJZDTRVdd_bIaVoHQk-0RwqCWH-";"Orç Canaveral - 1.595,72";"https://drive.google.com/file/d/1zYv7vMJZDTRVdd_bIaVoHQk-0RwqCWH-/view";"app/DadosCanaveral.gs"
"1zYv7vMJZDTRVdd_bIaVoHQk-0RwqCWH-:11";"2026-08-28";"Capital Realty";"03.015.145/0001-54";"MEGA CENTRO LOGÍSTICO ITAJAÍ";"SC";"Material de consumo";"CANAVERAL PRODUTOS DE HIGIENE E LIMPEZA";"CANAVERAL PRODUTOS DE HIGIENE E LIMPEZA";"07.052.432/0001-95";"0";"11";"5704";"LUVA VERNIZ BOMPACK (PAR) TAM. G AZUL";"PC";"1";"7,99";"7,99";"";"0";"unitario_cotado";"false";"orcamento";"";"1zYv7vMJZDTRVdd_bIaVoHQk-0RwqCWH-";"Orç Canaveral - 1.595,72";"https://drive.google.com/file/d/1zYv7vMJZDTRVdd_bIaVoHQk-0RwqCWH-/view";"app/DadosCanaveral.gs"
"1zYv7vMJZDTRVdd_bIaVoHQk-0RwqCWH-:12";"2026-08-28";"Capital Realty";"03.015.145/0001-54";"MEGA CENTRO LOGÍSTICO ITAJAÍ";"SC";"Material de consumo";"CANAVERAL PRODUTOS DE HIGIENE E LIMPEZA";"CANAVERAL PRODUTOS DE HIGIENE E LIMPEZA";"07.052.432/0001-95";"0";"12";"6621";"PAPEL HIG. 300 MT NATUREZA CX C/8";"CX";"5";"89,9";"449,5";"";"0";"unitario_cotado";"false";"orcamento";"";"1zYv7vMJZDTRVdd_bIaVoHQk-0RwqCWH-";"Orç Canaveral - 1.595,72";"https://drive.google.com/file/d/1zYv7vMJZDTRVdd_bIaVoHQk-0RwqCWH-/view";"app/DadosCanaveral.gs"
"1zYv7vMJZDTRVdd_bIaVoHQk-0RwqCWH-:13";"2026-08-28";"Capital Realty";"03.015.145/0001-54";"MEGA CENTRO LOGÍSTICO ITAJAÍ";"SC";"Material de consumo";"CANAVERAL PRODUTOS DE HIGIENE E LIMPEZA";"CANAVERAL PRODUTOS DE HIGIENE E LIMPEZA";"07.052.432/0001-95";"0";"13";"9850";"(COMODATO) P.TOALHA 20 X 200CM 24G C/6 BOBINA TRACTION";"UN";"4";"172,5";"690";"";"0";"unitario_cotado";"false";"orcamento";"";"1zYv7vMJZDTRVdd_bIaVoHQk-0RwqCWH-";"Orç Canaveral - 1.595,72";"https://drive.google.com/file/d/1zYv7vMJZDTRVdd_bIaVoHQk-0RwqCWH-/view";"app/DadosCanaveral.gs"
"1zYv7vMJZDTRVdd_bIaVoHQk-0RwqCWH-:14";"2026-08-28";"Capital Realty";"03.015.145/0001-54";"MEGA CENTRO LOGÍSTICO ITAJAÍ";"SC";"Material de consumo";"CANAVERAL PRODUTOS DE HIGIENE E LIMPEZA";"CANAVERAL PRODUTOS DE HIGIENE E LIMPEZA";"07.052.432/0001-95";"0";"14";"6959";"SABONETE LIQUIDO PREMISSE 5L ALGAS MARINHAS";"BB";"1";"89,9";"89,9";"";"0";"unitario_cotado";"false";"orcamento";"";"1zYv7vMJZDTRVdd_bIaVoHQk-0RwqCWH-";"Orç Canaveral - 1.595,72";"https://drive.google.com/file/d/1zYv7vMJZDTRVdd_bIaVoHQk-0RwqCWH-/view";"app/DadosCanaveral.gs"
"1zYv7vMJZDTRVdd_bIaVoHQk-0RwqCWH-:15";"2026-08-28";"Capital Realty";"03.015.145/0001-54";"MEGA CENTRO LOGÍSTICO ITAJAÍ";"SC";"Material de consumo";"CANAVERAL PRODUTOS DE HIGIENE E LIMPEZA";"CANAVERAL PRODUTOS DE HIGIENE E LIMPEZA";"07.052.432/0001-95";"0";"15";"6714";"SACO DE LIXO MARROM 100L 0,10 C/ 100";"CT";"1";"79,9";"79,9";"";"0";"unitario_cotado";"false";"orcamento";"";"1zYv7vMJZDTRVdd_bIaVoHQk-0RwqCWH-";"Orç Canaveral - 1.595,72";"https://drive.google.com/file/d/1zYv7vMJZDTRVdd_bIaVoHQk-0RwqCWH-/view";"app/DadosCanaveral.gs"
"1zYv7vMJZDTRVdd_bIaVoHQk-0RwqCWH-:16";"2026-08-28";"Capital Realty";"03.015.145/0001-54";"MEGA CENTRO LOGÍSTICO ITAJAÍ";"SC";"Material de consumo";"CANAVERAL PRODUTOS DE HIGIENE E LIMPEZA";"CANAVERAL PRODUTOS DE HIGIENE E LIMPEZA";"07.052.432/0001-95";"0";"16";"6709";"SACO DE LIXO MARROM 60L 0,04 C/ 100";"CT";"1";"25";"25";"";"0";"unitario_cotado";"false";"orcamento";"";"1zYv7vMJZDTRVdd_bIaVoHQk-0RwqCWH-";"Orç Canaveral - 1.595,72";"https://drive.google.com/file/d/1zYv7vMJZDTRVdd_bIaVoHQk-0RwqCWH-/view";"app/DadosCanaveral.gs"
"1zYv7vMJZDTRVdd_bIaVoHQk-0RwqCWH-:17";"2026-08-28";"Capital Realty";"03.015.145/0001-54";"MEGA CENTRO LOGÍSTICO ITAJAÍ";"SC";"Material de consumo";"CANAVERAL PRODUTOS DE HIGIENE E LIMPEZA";"CANAVERAL PRODUTOS DE HIGIENE E LIMPEZA";"07.052.432/0001-95";"0";"17";"6708";"SACO DE LIXO MARROM 40L 0,04 C/ 100";"CT";"1";"19,9";"19,9";"";"0";"unitario_cotado";"false";"orcamento";"";"1zYv7vMJZDTRVdd_bIaVoHQk-0RwqCWH-";"Orç Canaveral - 1.595,72";"https://drive.google.com/file/d/1zYv7vMJZDTRVdd_bIaVoHQk-0RwqCWH-/view";"app/DadosCanaveral.gs"
"1zYv7vMJZDTRVdd_bIaVoHQk-0RwqCWH-:18";"2026-08-28";"Capital Realty";"03.015.145/0001-54";"MEGA CENTRO LOGÍSTICO ITAJAÍ";"SC";"Material de consumo";"CANAVERAL PRODUTOS DE HIGIENE E LIMPEZA";"CANAVERAL PRODUTOS DE HIGIENE E LIMPEZA";"07.052.432/0001-95";"0";"18";"8901";"TELA DE MICTORIO PREMISSE LIMÃO";"UN";"1";"6,99";"6,99";"";"0";"unitario_cotado";"false";"orcamento";"";"1zYv7vMJZDTRVdd_bIaVoHQk-0RwqCWH-";"Orç Canaveral - 1.595,72";"https://drive.google.com/file/d/1zYv7vMJZDTRVdd_bIaVoHQk-0RwqCWH-/view";"app/DadosCanaveral.gs"
